12 DE OCTUBRE;CHACO
1° DE MAYO;CHACO
2 DE ABRIL;CHACO
25 DE MAYO;BUENOS AIRES
25 DE MAYO;CHACO
25 DE MAYO;MISIONES
25 DE MAYO;RÍO NEGRO
25 DE MAYO;SAN JUAN
9 DE JULIO;BUENOS AIRES
9 DE JULIO;CHACO
9 DE JULIO;RÍO NEGRO
9 DE JULIO;SAN JUAN
9 DE JULIO;SANTA FE
ÑORQUIN;NEUQUÉN
ÑORQUINCO;RÍO NEGRO
AÑELO;NEUQUÉN
ADOLFO ALSINA;BUENOS AIRES
ADOLFO ALSINA;RÍO NEGRO
ADOLFO GONZALES CHAVES;BUENOS AIRES
AGUIRRE;SANTIAGO DEL ESTERO
ALBARDON;SAN JUAN
ALBERDI;SANTIAGO DEL ESTERO
ALBERTI;BUENOS AIRES
ALMIRANTE BROWN;BUENOS AIRES
ALMIRANTE BROWN;CHACO
ALUMINE;NEUQUÉN
AMBATO;CATAMARCA
ANCASTI;CATAMARCA
ANDALGALÁ;CATAMARCA
ANGACO;SAN JUAN
ANTA;SALTA
ANTÁRTIDA ARGENTINA;TIERRA DEL FUEGO, ANTÁRTIDA E ISLAS DEL ATLÁNTICO SUR
ANTOFAGASTA DE LA SIERRA;CATAMARCA
APOSTOLES;MISIONES
ARAUCO;LA RIOJA
ARRECIFES;BUENOS AIRES
ATAMISQUI;SANTIAGO DEL ESTERO
ATREUCO;LA PAMPA
AVELLANEDA;BUENOS AIRES
AVELLANEDA;RÍO NEGRO
AVELLANEDA;SANTIAGO DEL ESTERO
AYACUCHO;BUENOS AIRES
AYACUCHO;SAN LUIS
AZUL;BUENOS AIRES
BAHÍA BLANCA;BUENOS AIRES
BALCARCE;BUENOS AIRES
BANDA;SANTIAGO DEL ESTERO
BARADERO;BUENOS AIRES
BARILOCHE;RÍO NEGRO
BELEN;CATAMARCA
BELGRANO;SAN LUIS
BELGRANO;SANTA FE
BELGRANO;SANTIAGO DEL ESTERO
BELLA VISTA;CORRIENTES
BENITO JUAREZ;BUENOS AIRES
BERAZATEGUI;BUENOS AIRES
BERISSO;BUENOS AIRES
BERMEJO;CHACO
BERMEJO;FORMOSA
BERON DE ASTRADA;CORRIENTES
BIEDMA;CHUBUT
BOLIVAR;BUENOS AIRES
BRAGADO;BUENOS AIRES
BRANDSEN;BUENOS AIRES
BURRUYACU;TUCUMÁN
CAÑUELAS;BUENOS AIRES
CACHI;SALTA
CAFAYATE;SALTA
CAINGUAS;MISIONES
CALAMUCHITA;CÓRDOBA
CALEU CALEU;LA PAMPA
CALINGASTA;SAN JUAN
CAMPANA;BUENOS AIRES
CANDELARIA;MISIONES
CAPAYAN;CATAMARCA
CAPITAL;CÓRDOBA
CAPITAL;CATAMARCA
CAPITAL;CORRIENTES
CAPITAL;LA PAMPA
CAPITAL;LA RIOJA
CAPITAL;MENDOZA
CAPITAL;MISIONES
CAPITAL;SALTA
CAPITAL;SAN JUAN
CAPITAL;SANTIAGO DEL ESTERO
CAPITAL;TUCUMÁN
CAPITAN SARMIENTO;BUENOS AIRES
CARLOS CASARES;BUENOS AIRES
CARLOS TEJEDOR;BUENOS AIRES
CARMEN DE ARECO;BUENOS AIRES
CASEROS;SANTA FE
CASTELLANOS;SANTA FE
CASTELLI;BUENOS AIRES
CASTRO BARROS;LA RIOJA
CATAN LIL;NEUQUÉN
CATRILO;LA PAMPA
CAUCETE;SAN JUAN
CERRILLOS;SALTA
CHACABUCO;BUENOS AIRES
CHACABUCO;CHACO
CHACABUCO;SAN LUIS
CHALILEO;LA PAMPA
CHAMICAL;LA RIOJA
CHAPALEUFU;LA PAMPA
CHASCOMUS;BUENOS AIRES
CHICAL CO;LA PAMPA
CHICLIGASTA;TUCUMÁN
CHICOANA;SALTA
CHILECITO;LA RIOJA
CHIMBAS;SAN JUAN
CHIVILCOY;BUENOS AIRES
CHOS MALAL;NEUQUÉN
CHOYA;SANTIAGO DEL ESTERO
COCHINOCA;JUJUY
COLLON CURA;NEUQUÉN
COLON;BUENOS AIRES
COLON;CÓRDOBA
COLON;ENTRE RÍOS
COMANDANTE FERNANDEZ;CHACO
COMUNA 1;CIUDAD DE BUENOS AIRES
COMUNA 10;CIUDAD DE BUENOS AIRES
COMUNA 11;CIUDAD DE BUENOS AIRES
COMUNA 12;CIUDAD DE BUENOS AIRES
COMUNA 13;CIUDAD DE BUENOS AIRES
COMUNA 14;CIUDAD DE BUENOS AIRES
COMUNA 15;CIUDAD DE BUENOS AIRES
COMUNA 2;CIUDAD DE BUENOS AIRES
COMUNA 3;CIUDAD DE BUENOS AIRES
COMUNA 4;CIUDAD DE BUENOS AIRES
COMUNA 5;CIUDAD DE BUENOS AIRES
COMUNA 6;CIUDAD DE BUENOS AIRES
COMUNA 7;CIUDAD DE BUENOS AIRES
COMUNA 8;CIUDAD DE BUENOS AIRES
COMUNA 9;CIUDAD DE BUENOS AIRES
CONCEPCION;CORRIENTES
CONCEPCION;MISIONES
CONCORDIA;ENTRE RÍOS
CONESA;RÍO NEGRO
CONFLUENCIA;NEUQUÉN
CONHELO;LA PAMPA
CONSTITUCION;SANTA FE
COPO;SANTIAGO DEL ESTERO
CORONEL DE MARINA L ROSALES;BUENOS AIRES
CORONEL DORREGO;BUENOS AIRES
CORONEL FELIPE VARELA;LA RIOJA
CORONEL PRINGLES;BUENOS AIRES
CORONEL PRINGLES;SAN LUIS
CORONEL SUAREZ;BUENOS AIRES
CORPEN AIKE;SANTA CRUZ
CRUZ ALTA;TUCUMÁN
CRUZ DEL EJE;CÓRDOBA
CURACO;LA PAMPA
CURUZU CUATIA;CORRIENTES
CUSHAMEN;CHUBUT
DAIREAUX;BUENOS AIRES
DESEADO;SANTA CRUZ
DIAMANTE;ENTRE RÍOS
DOCTOR MANUEL BELGRANO;JUJUY
DOLORES;BUENOS AIRES
EL ALTO;CATAMARCA
EL CARMEN;JUJUY
EL CUY;RÍO NEGRO
ELDORADO;MISIONES
EMPEDRADO;CORRIENTES
ENSENADA;BUENOS AIRES
ESCALANTE;CHUBUT
ESCOBAR;BUENOS AIRES
ESQUINA;CORRIENTES
ESTEBAN ECHEVERRIA;BUENOS AIRES
EXALTACIÓN DE LA CRUZ;BUENOS AIRES
EZEIZA;BUENOS AIRES
FAMAILLA;TUCUMÁN
FAMATINA;LA RIOJA
FEDERACION;ENTRE RÍOS
FEDERAL;ENTRE RÍOS
FELICIANO;ENTRE RÍOS
FIGUEROA;SANTIAGO DEL ESTERO
FLORENCIO VARELA;BUENOS AIRES
FLORENTINO AMEGHINO;BUENOS AIRES
FLORENTINO AMEGHINO;CHUBUT
FORMOSA;FORMOSA
FRAY JUSTO SANTA MARÍA DE ORO;CHACO
FRAY MAMERTO ESQUIU;CATAMARCA
FUTALEUFU;CHUBUT
GAIMAN;CHUBUT
GARAY;SANTA FE
GASTRE;CHUBUT
GENERAL ÁNGEL VERA PEÑALOZA;LA RIOJA
GENERAL ALVARADO;BUENOS AIRES
GENERAL ALVEAR;BUENOS AIRES
GENERAL ALVEAR;CORRIENTES
GENERAL ALVEAR;MENDOZA
GENERAL ARENALES;BUENOS AIRES
GENERAL BELGRANO;BUENOS AIRES
GENERAL BELGRANO;CHACO
GENERAL BELGRANO;LA RIOJA
GENERAL DONOVAN;CHACO
GENERAL GUEMES;CHACO
GENERAL GUEMES;SALTA
GENERAL GUIDO;BUENOS AIRES
GENERAL JOSE DE SAN MARTÍN;SALTA
GENERAL JUAN F QUIROGA;LA RIOJA
GENERAL JUAN MADARIAGA;BUENOS AIRES
GENERAL LA MADRID;BUENOS AIRES
GENERAL LAMADRID;LA RIOJA
GENERAL LAS HERAS;BUENOS AIRES
GENERAL LAVALLE;BUENOS AIRES
GENERAL LOPEZ;SANTA FE
GENERAL MANUEL BELGRANO;MISIONES
GENERAL OBLIGADO;SANTA FE
GENERAL OCAMPO;LA RIOJA
GENERAL PAZ;BUENOS AIRES
GENERAL PAZ;CORRIENTES
GENERAL PEDERNERA;SAN LUIS
GENERAL PINTO;BUENOS AIRES
GENERAL PUEYRREDON;BUENOS AIRES
GENERAL ROCA;CÓRDOBA
GENERAL ROCA;RÍO NEGRO
GENERAL RODRIGUEZ;BUENOS AIRES
GENERAL SAN MARTÍN;LA RIOJA
GENERAL SAN MARTIN;BUENOS AIRES
GENERAL SAN MARTIN;CÓRDOBA
GENERAL TABOADA;SANTIAGO DEL ESTERO
GENERAL VIAMONTE;BUENOS AIRES
GENERAL VILLEGAS;BUENOS AIRES
GOBERNADOR DUPUY;SAN LUIS
GODOY CRUZ;MENDOZA
GOYA;CORRIENTES
GRANEROS;TUCUMÁN
GUACHIPAS;SALTA
GUALEGUAY;ENTRE RÍOS
GUALEGUAYCHU;ENTRE RÍOS
GUAMINI;BUENOS AIRES
GUARANI;MISIONES
GUASAYAN;SANTIAGO DEL ESTERO
GUATRACHE;LA PAMPA
GUAYMALLEN;MENDOZA
GUER AIKE;SANTA CRUZ
HIPOLITO YRIGOYEN;BUENOS AIRES
HUCAL;LA PAMPA
HUILICHES;NEUQUÉN
HUMAHUACA;JUJUY
HURLINGHAM;BUENOS AIRES
IGLESIA;SAN JUAN
IGUAZU;MISIONES
INDEPENDENCIA;CHACO
INDEPENDENCIA;LA RIOJA
IRIONDO;SANTA FE
IRUYA;SALTA
ISCHILIN;CÓRDOBA
ISLAS DEL ATLANTICO SUR;TIERRA DEL FUEGO, ANTÁRTIDA E ISLAS DEL ATLÁNTICO SUR
ISLAS DEL IBICUY;ENTRE RÍOS
ITATI;CORRIENTES
ITUZAINGO;BUENOS AIRES
ITUZAINGO;CORRIENTES
JACHAL;SAN JUAN
JIMENEZ;SANTIAGO DEL ESTERO
JOSE C PAZ;BUENOS AIRES
JUAN B ALBERDI;TUCUMÁN
JUAN F IBARRA;SANTIAGO DEL ESTERO
JUAN MARTÍN DE PUEYRREDÓN;SAN LUIS
JUAREZ CELMAN;CÓRDOBA
JUNIN;BUENOS AIRES
JUNIN;MENDOZA
JUNIN;SAN LUIS
LA CALDERA;SALTA
LA CANDELARIA;SALTA
LA CAPITAL;SANTA FE
LA COCHA;TUCUMÁN
LA COSTA;BUENOS AIRES
LA MATANZA;BUENOS AIRES
LA PAZ;CATAMARCA
LA PAZ;ENTRE RÍOS
LA PAZ;MENDOZA
LA PLATA;BUENOS AIRES
LA POMA;SALTA
LA VIÑA;SALTA
LACAR;NEUQUÉN
LAGO ARGENTINO;SANTA CRUZ
LAGO BUENOS AIRES;SANTA CRUZ
LAISHI;FORMOSA
LANÚS;BUENOS AIRES
LANGUIÑEO;CHUBUT
LAPRIDA;BUENOS AIRES
LAS COLONIAS;SANTA FE
LAS FLORES;BUENOS AIRES
LAS HERAS;MENDOZA
LAVALLE;CORRIENTES
LAVALLE;MENDOZA
LEALES;TUCUMÁN
LEANDRO N ALEM;BUENOS AIRES
LEANDRO N. ALEM;MISIONES
LEDESMA;JUJUY
LEZAMA;BUENOS AIRES
LIBERTAD;CHACO
LIBERTADOR GENERAL SAN MARTÍN;CHACO
LIBERTADOR GENERAL SAN MARTÍN;MISIONES
LIBERTADOR GENERAL SAN MARTÍN;SAN LUIS
LIHUEL CALEL;LA PAMPA
LIMAY MAHUIDA;LA PAMPA
LINCOLN;BUENOS AIRES
LOBERIA;BUENOS AIRES
LOBOS;BUENOS AIRES
LOMAS DE ZAMORA;BUENOS AIRES
LONCOPUE;NEUQUÉN
LORETO;SANTIAGO DEL ESTERO
LOS ANDES;SALTA
LOS LAGOS;NEUQUÉN
LOVENTUE;LA PAMPA
LUJAN;BUENOS AIRES
LUJAN DE CUYO;MENDOZA
LULES;TUCUMÁN
MAGALLANES;SANTA CRUZ
MAGDALENA;BUENOS AIRES
MAIPU;BUENOS AIRES
MAIPU;CHACO
MAIPU;MENDOZA
MALARGUE;MENDOZA
MALVINAS ARGENTINAS;BUENOS AIRES
MAR CHIQUITA;BUENOS AIRES
MARACO;LA PAMPA
MARCOS JUAREZ;CÓRDOBA
MARCOS PAZ;BUENOS AIRES
MARTIRES;CHUBUT
MATACOS;FORMOSA
MAYOR LUIS J FONTANA;CHACO
MBURUCUYA;CORRIENTES
MERCEDES;BUENOS AIRES
MERCEDES;CORRIENTES
MERLO;BUENOS AIRES
METAN;SALTA
MINAS;CÓRDOBA
MINAS;NEUQUÉN
MITRE;SANTIAGO DEL ESTERO
MOLINOS;SALTA
MONTE;BUENOS AIRES
MONTE CASEROS;CORRIENTES
MONTE HERMOSO;BUENOS AIRES
MONTECARLO;MISIONES
MONTEROS;TUCUMÁN
MORENO;BUENOS AIRES
MORENO;SANTIAGO DEL ESTERO
MORON;BUENOS AIRES
NAVARRO;BUENOS AIRES
NECOCHEA;BUENOS AIRES
NOGOYA;ENTRE RÍOS
O HIGGINS;CHACO
OBERA;MISIONES
OJO DE AGUA;SANTIAGO DEL ESTERO
OLAVARRIA;BUENOS AIRES
ORAN;SALTA
PACLIN;CATAMARCA
PALPALA;JUJUY
PARANA;ENTRE RÍOS
PASO DE INDIOS;CHUBUT
PASO DE LOS LIBRES;CORRIENTES
PATAGONES;BUENOS AIRES
PATIÑO;FORMOSA
PEHUAJO;BUENOS AIRES
PEHUENCHES;NEUQUÉN
PELLEGRINI;BUENOS AIRES
PELLEGRINI;SANTIAGO DEL ESTERO
PERGAMINO;BUENOS AIRES
PICHI MAHUIDA;RÍO NEGRO
PICUN LEUFU;NEUQUÉN
PICUNCHES;NEUQUÉN
PILA;BUENOS AIRES
PILAGAS;FORMOSA
PILAR;BUENOS AIRES
PILCANIYEU;RÍO NEGRO
PILCOMAYO;FORMOSA
PINAMAR;BUENOS AIRES
PIRANE;FORMOSA
POCHO;CÓRDOBA
POCITO;SAN JUAN
POMAN;CATAMARCA
PRESIDENCIA DE LA PLAZA;CHACO
PRESIDENTE PERON;BUENOS AIRES
PRESIDENTE ROQUE SAENZ PEÑA;CÓRDOBA
PUAN;BUENOS AIRES
PUELEN;LA PAMPA
PUNILLA;CÓRDOBA
PUNTA INDIO;BUENOS AIRES
QUEBRACHOS;SANTIAGO DEL ESTERO
QUEMU QUEMU;LA PAMPA
QUILMES;BUENOS AIRES
QUITILIPI;CHACO
RÍO CHICO;SANTA CRUZ
RAMALLO;BUENOS AIRES
RAMON LISTA;FORMOSA
RANCUL;LA PAMPA
RAUCH;BUENOS AIRES
RAWSON;CHUBUT
RAWSON;SAN JUAN
REALICO;LA PAMPA
RINCONADA;JUJUY
RIO CHICO;TUCUMÁN
RIO CUARTO;CÓRDOBA
RIO GRANDE;TIERRA DEL FUEGO, ANTÁRTIDA E ISLAS DEL ATLÁNTICO SUR
RIO HONDO;SANTIAGO DEL ESTERO
RIO PRIMERO;CÓRDOBA
RIO SECO;CÓRDOBA
RIO SEGUNDO;CÓRDOBA
RIO SENGUER;CHUBUT
RIVADAVIA;BUENOS AIRES
RIVADAVIA;MENDOZA
RIVADAVIA;SALTA
RIVADAVIA;SAN JUAN
RIVADAVIA;SANTIAGO DEL ESTERO
ROBLES;SANTIAGO DEL ESTERO
ROJAS;BUENOS AIRES
ROQUE PEREZ;BUENOS AIRES
ROSARIO;SANTA FE
ROSARIO DE LA FRONTERA;SALTA
ROSARIO DE LERMA;SALTA
ROSARIO VERA PEÑALOZA;LA RIOJA
SAAVEDRA;BUENOS AIRES
SALADAS;CORRIENTES
SALADILLO;BUENOS AIRES
SALAVINA;SANTIAGO DEL ESTERO
SALLIQUELO;BUENOS AIRES
SALTO;BUENOS AIRES
SAN ALBERTO;CÓRDOBA
SAN ANDRES DE GILES;BUENOS AIRES
SAN ANTONIO;JUJUY
SAN ANTONIO;RÍO NEGRO
SAN ANTONIO DE ARECO;BUENOS AIRES
SAN BLAS DE LOS SAUCES;LA RIOJA
SAN CARLOS;MENDOZA
SAN CARLOS;SALTA
SAN CAYETANO;BUENOS AIRES
SAN COSME;CORRIENTES
SAN CRISTOBAL;SANTA FE
SAN FERNANDO;BUENOS AIRES
SAN FERNANDO;CHACO
SAN IGNACIO;MISIONES
SAN ISIDRO;BUENOS AIRES
SAN JAVIER;CÓRDOBA
SAN JAVIER;MISIONES
SAN JAVIER;SANTA FE
SAN JERONIMO;SANTA FE
SAN JUSTO;CÓRDOBA
SAN JUSTO;SANTA FE
SAN LORENZO;CHACO
SAN LORENZO;SANTA FE
SAN LUIS DEL PALMAR;CORRIENTES
SAN MARTIN;CORRIENTES
SAN MARTIN;MENDOZA
SAN MARTIN;SAN JUAN
SAN MARTIN;SANTA FE
SAN MARTIN;SANTIAGO DEL ESTERO
SAN MIGUEL;BUENOS AIRES
SAN MIGUEL;CORRIENTES
SAN NICOLAS;BUENOS AIRES
SAN PEDRO;BUENOS AIRES
SAN PEDRO;JUJUY
SAN PEDRO;MISIONES
SAN RAFAEL;MENDOZA
SAN ROQUE;CORRIENTES
SAN SALVADOR;ENTRE RÍOS
SAN VICENTE;BUENOS AIRES
SANAGASTA;LA RIOJA
SANTA BARBARA;JUJUY
SANTA CATALINA;JUJUY
SANTA LUCIA;SAN JUAN
SANTA MARÍA;CÓRDOBA
SANTA MARIA;CATAMARCA
SANTA ROSA;CATAMARCA
SANTA ROSA;MENDOZA
SANTA VICTORIA;SALTA
SANTO TOME;CORRIENTES
SARGENTO CABRAL;CHACO
SARMIENTO;CHUBUT
SARMIENTO;SAN JUAN
SARMIENTO;SANTIAGO DEL ESTERO
SAUCE;CORRIENTES
SILIPICA;SANTIAGO DEL ESTERO
SIMOCA;TUCUMÁN
SOBREMONTE;CÓRDOBA
SUIPACHA;BUENOS AIRES
SUSQUES;JUJUY
TAFI DEL VALLE;TUCUMÁN
TAFI VIEJO;TUCUMÁN
TALA;ENTRE RÍOS
TANDIL;BUENOS AIRES
TAPALQUE;BUENOS AIRES
TAPENAGA;CHACO
TEHUELCHES;CHUBUT
TELSEN;CHUBUT
TERCERO ARRIBA;CÓRDOBA
TIGRE;BUENOS AIRES
TILCARA;JUJUY
TINOGASTA;CATAMARCA
TOAY;LA PAMPA
TOLHUIN;TIERRA DEL FUEGO, ANTÁRTIDA E ISLAS DEL ATLÁNTICO SUR
TORDILLO;BUENOS AIRES
TORNQUIST;BUENOS AIRES
TOTORAL;CÓRDOBA
TRANCAS;TUCUMÁN
TRENEL;LA PAMPA
TRENQUE LAUQUEN;BUENOS AIRES
TRES ARROYOS;BUENOS AIRES
TRES DE FEBRERO;BUENOS AIRES
TRES LOMAS;BUENOS AIRES
TULUMBA;CÓRDOBA
TUMBAYA;JUJUY
TUNUYAN;MENDOZA
TUPUNGATO;MENDOZA
ULLUM;SAN JUAN
UNION;CÓRDOBA
URUGUAY;ENTRE RÍOS
USHUAIA;TIERRA DEL FUEGO, ANTÁRTIDA E ISLAS DEL ATLÁNTICO SUR
UTRACAN;LA PAMPA
VALCHETA;RÍO NEGRO
VALLE FERTIL;SAN JUAN
VALLE GRANDE;JUJUY
VALLE VIEJO;CATAMARCA
VERA;SANTA FE
VICENTE LOPEZ;BUENOS AIRES
VICTORIA;ENTRE RÍOS
VILLA GESELL;BUENOS AIRES
VILLAGUAY;ENTRE RÍOS
VILLARINO;BUENOS AIRES
VINCHINA;LA RIOJA
YAVI;JUJUY
YERBA BUENA;TUCUMÁN
ZAPALA;NEUQUÉN
ZARATE;BUENOS AIRES
ZONDA;SAN JUAN
