LA ESCONDIDA2;CHACO
1° DE MAYO;ENTRE RÍOS
25 DE MAYO;BUENOS AIRES
25 DE MAYO;MISIONES
25 DE MAYO;SAN JUAN
28 DE JULIO;CHUBUT
28 DE NOVIEMBRE;SANTA CRUZ
3 DE ABRIL;CORRIENTES
7 DE ABRIL;TUCUMÁN
9 DE JULIO;BUENOS AIRES
9 DE JULIO;CORRIENTES
9 DE JULIO;MISIONES
9 DE JULIO;SAN JUAN
ÑANCAY;ENTRE RÍOS
ÑANDUCITA;SANTA FE
ÑORQUINCO;RÍO NEGRO
AÑATUYA;SANTIAGO DEL ESTERO
AÑELO;NEUQUÉN
AARON CASTELLANOS;SANTA FE
ABDON CASTRO TOLAY;JUJUY
ABRA GRANDE;SANTIAGO DEL ESTERO
ABRA PAMPA;JUJUY
ABRALAITE;JUJUY
ABRAMO;LA PAMPA
ACEBAL;SANTA FE
ACHERAL;TUCUMÁN
ACHIRAS;CÓRDOBA
ACONQUIJA;CATAMARCA
ACOS - POZO DEL ARBOLITO;SANTIAGO DEL ESTERO
ADELIA MARIA;CÓRDOBA
ADOLFO ALSINA;BUENOS AIRES
ADOLFO GONZALES CHAVES;BUENOS AIRES
ADOLFO VAN PRAET;LA PAMPA
AGUA DE ORO;CÓRDOBA
AGUA DULCE Y LA SOLEDAD;TUCUMÁN
AGUADA CECILIO;RÍO NEGRO
AGUADA DE GUERRA;RÍO NEGRO
AGUADA GUZMAN;RÍO NEGRO
AGUADA SAN ROQUE;NEUQUÉN
AGUARA GRANDE;SANTA FE
AGUARAY;SALTA
AGUAS BLANCAS;SALTA
AGUAS CALIENTES;JUJUY
AGUILARES;TUCUMÁN
AGUSTONI;LA PAMPA
AHI VEREMOS;SANTIAGO DEL ESTERO
ALBA POSSE;MISIONES
ALBARDON;SAN JUAN
ALBARDON - PUNTA DEL MONTE;ENTRE RÍOS
ALBARELLOS;SANTA FE
ALBERTI;BUENOS AIRES
ALCARAZ;ENTRE RÍOS
ALCARAZ NORTE;ENTRE RÍOS
ALCARAZ SUR;ENTRE RÍOS
ALCIRA;CÓRDOBA
ALCORTA;SANTA FE
ALDAO;SANTA FE
ALDEA APELEG;CHUBUT
ALDEA ASUNCION;ENTRE RÍOS
ALDEA BELEIRO;CHUBUT
ALDEA BRASILERA;ENTRE RÍOS
ALDEA EIGENFELD;ENTRE RÍOS
ALDEA EPULEF;CHUBUT
ALDEA GRAPSCHENTAL;ENTRE RÍOS
ALDEA MARIA LUISA;ENTRE RÍOS
ALDEA PROTESTANTE;ENTRE RÍOS
ALDEA SALTO;ENTRE RÍOS
ALDEA SAN ANTONIO;ENTRE RÍOS
ALDEA SAN JUAN;ENTRE RÍOS
ALDEA SAN MIGUEL;ENTRE RÍOS
ALDEA SAN RAFAEL;ENTRE RÍOS
ALDEA SANTA MARIA;CÓRDOBA
ALDEA SANTA MARIA;ENTRE RÍOS
ALDEA SANTA ROSA;ENTRE RÍOS
ALDEA SPATZENKUTTER;ENTRE RÍOS
ALDEA VALLE MARIA;ENTRE RÍOS
ALDERETES;TUCUMÁN
ALEJANDRA;SANTA FE
ALEJANDRO ROCA;CÓRDOBA
ALEJO LEDESMA;CÓRDOBA
ALGARROBO DEL AGUILA;LA PAMPA
ALICIA;CÓRDOBA
ALLEN;RÍO NEGRO
ALMAFUERTE;CÓRDOBA
ALMAFUERTE;MISIONES
ALMIRANTE BROWN;BUENOS AIRES
ALPA CORRAL;CÓRDOBA
ALPACHIRI;LA PAMPA
ALPACHIRI Y EL MOLINO;TUCUMÁN
ALTA GRACIA;CÓRDOBA
ALTA ITALIA;LA PAMPA
ALTAMIRANO SUR;ENTRE RÍOS
ALTO ALEGRE;CÓRDOBA
ALTO DE LOS QUEBRACHOS;CÓRDOBA
ALTO PELADO;SAN LUIS
ALTO PENCOSO;SAN LUIS
ALTO RIO SENGUER;CHUBUT
ALTO VERDE Y LOS GUCHEA;TUCUMÁN
ALTOS DE CHIPION;CÓRDOBA
ALUMINE;NEUQUÉN
ALVAREZ;SANTA FE
ALVEAR;CORRIENTES
ALVEAR;SANTA FE
AMAICHA DEL VALLE;TUCUMÁN
AMAMA;SANTIAGO DEL ESTERO
AMBERES;TUCUMÁN
AMBOY;CÓRDOBA
AMBROSETTI;SANTA FE
AMBUL;CÓRDOBA
AMENABAR;SANTA FE
AMICHA;SANTIAGO DEL ESTERO
ANA ZUMARAN;CÓRDOBA
ANCAJULI;TUCUMÁN
ANCASTI;CATAMARCA
ANCHORENA;SAN LUIS
ANDACOLLO;NEUQUÉN
ANDALGALA;CATAMARCA
ANDRESITO;MISIONES
ANGACO;SAN JUAN
ANGASTACO;SALTA
ANGELICA;SANTA FE
ANGELONI;SANTA FE
ANGUIL;LA PAMPA
ANIMANA;SALTA
ANISACATE;CÓRDOBA
ANTAJE;SANTIAGO DEL ESTERO
ANTELO;ENTRE RÍOS
ANTOFAGASTA DE LA SIERRA;CATAMARCA
ANTONIO TOMAS;ENTRE RÍOS
APOLINARIO SARAVIA;SALTA
APOSTOLES;MISIONES
ARANGUREN;ENTRE RÍOS
ARATA;LA PAMPA
ARAUCO;LA RIOJA
ARCADIA;TUCUMÁN
ARDILES;SANTIAGO DEL ESTERO
AREA SIN GOBIERNO;CÓRDOBA
AREA SIN GOBIERNO;CHUBUT
AREA SIN GOBIERNO;ENTRE RÍOS
AREA SIN GOBIERNO;FORMOSA
AREA SIN GOBIERNO;NEUQUÉN
AREA SIN GOBIERNO;RÍO NEGRO
AREA SIN GOBIERNO;SAN LUIS
AREA SIN GOBIERNO;SANTA CRUZ
AREA SIN GOBIERNO;SANTIAGO DEL ESTERO
AREA SIN GOBIERNO;TIERRA DEL FUEGO, ANTÁRTIDA E ISLAS DEL ATLÁNTICO SUR
AREA SIN GOBIERNO;TUCUMÁN
AREQUITO;SANTA FE
ARGENTINA;SANTIAGO DEL ESTERO
ARIAS;CÓRDOBA
ARISTOBULO DEL VALLE;MISIONES
ARIZONA;SAN LUIS
ARMINDA;SANTA FE
ARMSTRONG;SANTA FE
AROCENA;SANTA FE
ARRAGA;SANTIAGO DEL ESTERO
ARRAYANAL;JUJUY
ARRECIFES;BUENOS AIRES
ARROYITO;CÓRDOBA
ARROYO AGUIAR;SANTA FE
ARROYO ALGODON;CÓRDOBA
ARROYO BARU;ENTRE RÍOS
ARROYO BURGOS;ENTRE RÍOS
ARROYO CABRAL;CÓRDOBA
ARROYO CEIBAL;SANTA FE
ARROYO CLE;ENTRE RÍOS
ARROYO DEL MEDIO;ENTRE RÍOS
ARROYO DEL MEDIO;MISIONES
ARROYO GENA;ENTRE RÍOS
ARROYO LEYES;SANTA FE
ARROYO LOS BERROS;RÍO NEGRO
ARROYO LOS PATOS;CÓRDOBA
ARROYO SECO;SANTA FE
ARROYO VENTANA;RÍO NEGRO
ARRUFO;SANTA FE
ARTEAGA;SANTA FE
ASSUNTA;CÓRDOBA
ATAHONA;CÓRDOBA
ATAHONA;TUCUMÁN
ATALIVA;SANTA FE
ATALIVA ROCA;LA PAMPA
ATOJ POZO;SANTIAGO DEL ESTERO
AURELIA;SANTA FE
AUSONIA;CÓRDOBA
AVELLANEDA;BUENOS AIRES
AVELLANEDA;CÓRDOBA
AVELLANEDA;SANTA FE
AVERIAS;SANTIAGO DEL ESTERO
AVIA TERAI;CHACO
AYACUCHO;BUENOS AIRES
AZARA;MISIONES
AZUL;BUENOS AIRES
BAÑADO DE SOTO;CÓRDOBA
BAGUAL;SAN LUIS
BAHIA BLANCA;BUENOS AIRES
BAJADA DEL AGRIO;NEUQUÉN
BAJO CARACOLES;SANTA CRUZ
BALCARCE;BUENOS AIRES
BALDE;SAN LUIS
BALLESTEROS;CÓRDOBA
BALLESTEROS SUD;CÓRDOBA
BALNEARIA;CÓRDOBA
BANCO PAYAGUA;FORMOSA
BANDA DEL RIO SALI;TUCUMÁN
BANDERA;SANTIAGO DEL ESTERO
BANDERA BAJADA;SANTIAGO DEL ESTERO
BANDERAS;ENTRE RÍOS
BARADERO;BUENOS AIRES
BARRANCAS;NEUQUÉN
BARRANCAS;SANTA FE
BARRANQUERAS;CHACO
BARRIOS;JUJUY
BARTOLOME DE LAS CASAS;FORMOSA
BASAIL;CHACO
BASAVILBASO;ENTRE RÍOS
BATAVIA;SAN LUIS
BAUER Y SIGEL;SANTA FE
BEAZLEY;SAN LUIS
BELEN;CATAMARCA
BELL VILLE;CÓRDOBA
BELLA ITALIA;SANTA FE
BELLA VISTA;CORRIENTES
BELLA VISTA;TUCUMÁN
BELTRAN;SANTIAGO DEL ESTERO
BENGOLEA;CÓRDOBA
BENITO JUAREZ;BUENOS AIRES
BENJAMIN ARAOZ  Y EL TAJAMAR;TUCUMÁN
BENJAMIN GOULD;CÓRDOBA
BERÓN DE ASTRADA;CORRIENTES
BERABEVU;SANTA FE
BERAZATEGUI;BUENOS AIRES
BERISSO;BUENOS AIRES
BERNA;SANTA FE
BERNARDO DE IRIGOYEN;MISIONES
BERNARDO DE IRIGOYEN;SANTA FE
BERNARDO LARROUDE;LA PAMPA
BERNASCONI;LA PAMPA
BERROTARAN;CÓRDOBA
BETBEDER;ENTRE RÍOS
BIALET MASSE;CÓRDOBA
BIGAND;SANTA FE
BOLIVAR;BUENOS AIRES
BOMBAL;SANTA FE
BONPLAND;CORRIENTES
BONPLAND;MISIONES
BOUQUET;SANTA FE
BOUWER;CÓRDOBA
BOVRIL;ENTRE RÍOS
BRAGADO;BUENOS AIRES
BRANDSEN;BUENOS AIRES
BREA POZO;SANTIAGO DEL ESTERO
BRINKMANN;CÓRDOBA
BUCHARDO;CÓRDOBA
BUEN PASTO;CHUBUT
BUENA ESPERANZA;SAN LUIS
BUENA VISTA;FORMOSA
BUENA VISTA;TUCUMÁN
BULNES;CÓRDOBA
BURRUYACU;TUCUMÁN
BUSTINZA;SANTA FE
BUTA RANQUIL;NEUQUÉN
CAA CATI;CORRIENTES
CAA YARI;MISIONES
CAÑADA DE GOMEZ;SANTA FE
CAÑADA DE LUQUE;CÓRDOBA
CAÑADA DE MACHADO;CÓRDOBA
CAÑADA DE RIO PINTO;CÓRDOBA
CAÑADA DEL SAUCE;CÓRDOBA
CAÑADA DEL UCLE;SANTA FE
CAÑADA ESCOBAR;SANTIAGO DEL ESTERO
CAÑADA OMBU;SANTA FE
CAÑADA RICA;SANTA FE
CAÑADA ROSQUIN;SANTA FE
CAÑADON SECO;SANTA CRUZ
CAÑUELAS;BUENOS AIRES
CABAL;SANTA FE
CABALANGO;CÓRDOBA
CACHI;SALTA
CACIQUE ARIACAIQUIN;SANTA FE
CAFAYATE;SALTA
CAFERATA;SANTA FE
CAIMANCITO;JUJUY
CALCHAQUI;SANTA FE
CALCHIN;CÓRDOBA
CALCHIN OESTE;CÓRDOBA
CALETA OLIVIA;SANTA CRUZ
CALEUFU;LA PAMPA
CALILEGUA;JUJUY
CALINGASTA;SAN JUAN
CALMAYO;CÓRDOBA
CAMARONES;CHUBUT
CAMILO ALDAO;CÓRDOBA
CAMINIAGA;CÓRDOBA
CAMPANA;BUENOS AIRES
CAMPO ANDINO;SANTA FE
CAMPO GALLO;SANTIAGO DEL ESTERO
CAMPO GRANDE;MISIONES
CAMPO GRANDE;RÍO NEGRO
CAMPO GRANDE;SANTIAGO DEL ESTERO
CAMPO LARGO;CHACO
CAMPO PIAGGIO;SANTA FE
CAMPO QUIJANO;SALTA
CAMPO RAMON;MISIONES
CAMPO SANTO;SALTA
CAMPO VIERA;MISIONES
CANALS;CÓRDOBA
CANDELARIA;MISIONES
CANDELARIA;SAN LUIS
CANDELARIA SUD;CÓRDOBA
CANDIOTI;SANTA FE
CANGREJILLOS;JUJUY
CAPAYAN;CATAMARCA
CAPILLA DE LOS REMEDIOS;CÓRDOBA
CAPILLA DEL CARMEN;CÓRDOBA
CAPILLA DEL MONTE;CÓRDOBA
CAPILLA DEL SITON;CÓRDOBA
CAPIOVI;MISIONES
CAPITAL;LA RIOJA
CAPITAL;MENDOZA
CAPITAN BERMUDEZ;SANTA FE
CAPITAN CACERES;TUCUMÁN
CAPITAN GENERAL BERNARDO O HIGGINS;CÓRDOBA
CAPITAN SARMIENTO;BUENOS AIRES
CAPITAN SOLARI;CHACO
CAPIVARA;SANTA FE
CARAGUATAY;MISIONES
CARCARAÑA;SANTA FE
CARLOS CASARES;BUENOS AIRES
CARLOS PELLEGRINI;SANTA FE
CARLOS TEJEDOR;BUENOS AIRES
CARMEN;SANTA FE
CARMEN DE ARECO;BUENOS AIRES
CARMEN DEL SAUCE;SANTA FE
CARNERILLO;CÓRDOBA
CAROLINA;CORRIENTES
CAROLINA;SAN LUIS
CARPINTERIA;SAN LUIS
CARRENLEUFU;CHUBUT
CARRERAS;SANTA FE
CARRILOBO;CÓRDOBA
CARRIZALES;SANTA FE
CARRO QUEMADO;LA PAMPA
CASA DE PIEDRA;LA PAMPA
CASA GRANDE;CÓRDOBA
CASALEGNO;SANTA FE
CASARES;SANTIAGO DEL ESTERO
CASAS;SANTA FE
CASEROS;ENTRE RÍOS
CASILDA;SANTA FE
CASPALA;JUJUY
CASPI CORRAL;SANTIAGO DEL ESTERO
CASTELAR;SANTA FE
CASTELLANOS;SANTA FE
CASTELLI;BUENOS AIRES
CASTRO BARROS;LA RIOJA
CATRIEL;RÍO NEGRO
CATRILO;LA PAMPA
CATUA;JUJUY
CAUCETE;SAN JUAN
CAVANAGH;CÓRDOBA
CAVIAHUE - COPAHUE;NEUQUÉN
CAVOUR;SANTA FE
CAYASTA;SANTA FE
CAYASTACITO;SANTA FE
CAZADORES CORRENTINOS;CORRIENTES
CEBALLOS;LA PAMPA
CECILIO ECHAVARRIA;CORRIENTES
CEIBAS;ENTRE RÍOS
CENTENARIO;NEUQUÉN
CENTENO;SANTA FE
CEPEDA;SANTA FE
CERES;SANTA FE
CERRILLOS;SALTA
CERRITO;ENTRE RÍOS
CERRO AZUL;MISIONES
CERRO CENTINELA;CHUBUT
CERRO COLORADO;CÓRDOBA
CERRO CORA;MISIONES
CERRO POLICIA;RÍO NEGRO
CERVANTES;RÍO NEGRO
CEVIL REDONDO;TUCUMÁN
CHAÑAR LADEADO;SANTA FE
CHAÑAR VIEJO;CÓRDOBA
CHABAS;SANTA FE
CHACABUCO;BUENOS AIRES
CHACHARRAMENDI;LA PAMPA
CHAJAN;CÓRDOBA
CHAJARI;ENTRE RÍOS
CHALACEA;CÓRDOBA
CHAMICAL;LA RIOJA
CHANCANI;CÓRDOBA
CHAPUY;SANTA FE
CHARADAI;CHACO
CHARATA;CHACO
CHARBONIER;CÓRDOBA
CHARRAS;CÓRDOBA
CHASCOMUS;BUENOS AIRES
CHAUCHILLAS;SANTIAGO DEL ESTERO
CHAUPI POZO;SANTIAGO DEL ESTERO
CHAVARRIA;CORRIENTES
CHAZON;CÓRDOBA
CHELFORO;RÍO NEGRO
CHICHINALES;RÍO NEGRO
CHICLIGASTA;TUCUMÁN
CHICOANA;SALTA
CHILCA JULIANA;SANTIAGO DEL ESTERO
CHILCAS;ENTRE RÍOS
CHILECITO;LA RIOJA
CHILIBROSTE;CÓRDOBA
CHIMBAS;SAN JUAN
CHIMPAY;RÍO NEGRO
CHIPAUQUIL;RÍO NEGRO
CHIVILCOY;BUENOS AIRES
CHOELE CHOEL;RÍO NEGRO
CHOLILA;CHUBUT
CHOROMORO;TUCUMÁN
CHOROTIS;CHACO
CHORRIACA;NEUQUÉN
CHOS MALAL;NEUQUÉN
CHOVET;SANTA FE
CHOYA;SANTIAGO DEL ESTERO
CHRISTOPHERSEN;SANTA FE
CHUÑA;CÓRDOBA
CHUÑA HUASI;CÓRDOBA
CHUCUL;CÓRDOBA
CHURQUI CAÑADA;CÓRDOBA
CIENAGA DEL CORO;CÓRDOBA
CIENEGUILLAS;JUJUY
CIERVO PETISO;CHACO
CINCO SALTOS;RÍO NEGRO
CINTRA;CÓRDOBA
CIPOLLETTI;RÍO NEGRO
CIUDACITA;TUCUMÁN
CLASSON;SANTA FE
CLEMENTE ONELLI;RÍO NEGRO
CLODOMIRA;SANTIAGO DEL ESTERO
CLODOMIRO LEDESMA;ENTRE RÍOS
CLORINDA;FORMOSA
COLALAO DEL VALLE;TUCUMÁN
COLAN CONHUE;CHUBUT
COLAN CONUE;RÍO NEGRO
COLAZO;CÓRDOBA
COLOMBRES;TUCUMÁN
COLON;BUENOS AIRES
COLON;ENTRE RÍOS
COLONIA 25 DE MAYO;LA PAMPA
COLONIA ABORIGEN;CHACO
COLONIA ADIVINO;ENTRE RÍOS
COLONIA ALBERDI;MISIONES
COLONIA ALDAO;SANTA FE
COLONIA ALEMANA;ENTRE RÍOS
COLONIA ALMADA;CÓRDOBA
COLONIA ALPINA;SANTIAGO DEL ESTERO
COLONIA ANA;SANTA FE
COLONIA ANITA;CÓRDOBA
COLONIA AURORA;MISIONES
COLONIA AVELLANEDA;ENTRE RÍOS
COLONIA AVIGDOR;ENTRE RÍOS
COLONIA AYUI;ENTRE RÍOS
COLONIA BARGE;CÓRDOBA
COLONIA BARON;LA PAMPA
COLONIA BAYLINA;ENTRE RÍOS
COLONIA BELGRANO;SANTA FE
COLONIA BENITEZ;CHACO
COLONIA BICHA;SANTA FE
COLONIA BIGAND;SANTA FE
COLONIA BISMARCK;CÓRDOBA
COLONIA BOSSI;SANTA FE
COLONIA BREMEN;CÓRDOBA
COLONIA CARLOS PELLEGRINI;CORRIENTES
COLONIA CAROYA;CÓRDOBA
COLONIA CARRASCO;ENTRE RÍOS
COLONIA CELINA;ENTRE RÍOS
COLONIA CELLO;SANTA FE
COLONIA CRESPO;ENTRE RÍOS
COLONIA DELICIA;MISIONES
COLONIA DOLORES;SANTA FE
COLONIA DORA;SANTIAGO DEL ESTERO
COLONIA DURAN;SANTA FE
COLONIA EL SIMBOLAR;SANTIAGO DEL ESTERO
COLONIA ELIA;ENTRE RÍOS
COLONIA ELISA;CHACO
COLONIA ENSAYO;ENTRE RÍOS
COLONIA GENERAL ROCA;ENTRE RÍOS
COLONIA ITALIANA;CÓRDOBA
COLONIA ITURRASPE;CÓRDOBA
COLONIA ITURRASPE;SANTA FE
COLONIA LAS CUATRO ESQUINAS;CÓRDOBA
COLONIA LAS PICHANAS;CÓRDOBA
COLONIA LIBERTAD;CORRIENTES
COLONIA LIEBIG S;CORRIENTES
COLONIA MARGARITA;SANTA FE
COLONIA MARINA;CÓRDOBA
COLONIA MASCIAS;SANTA FE
COLONIA MEROU;ENTRE RÍOS
COLONIA OFICIAL N° 3 Y 14;ENTRE RÍOS
COLONIA OFICIAL N° 5;ENTRE RÍOS
COLONIA PANDO;CORRIENTES
COLONIA PASTORIL;FORMOSA
COLONIA POLANA;MISIONES
COLONIA POPULAR;CHACO
COLONIA PROSPERIDAD;CÓRDOBA
COLONIA RAQUEL;SANTA FE
COLONIA REFFINO;ENTRE RÍOS
COLONIA ROSA;SANTA FE
COLONIA SAN ANSELMO Y ALEDAÑAS;ENTRE RÍOS
COLONIA SAN BARTOLOME;CÓRDOBA
COLONIA SAN JUAN;SANTIAGO DEL ESTERO
COLONIA SAN JUSTO;ENTRE RÍOS
COLONIA SAN PEDRO;CÓRDOBA
COLONIA SANTA MARIA;LA PAMPA
COLONIA SANTA MARIA Y LAS MARGARITAS;ENTRE RÍOS
COLONIA SANTA ROSA;CORRIENTES
COLONIA SANTA ROSA;SALTA
COLONIA SANTA TERESA;LA PAMPA
COLONIA SARMIENTO;FORMOSA
COLONIA TERESA;SANTA FE
COLONIA TINCO;SANTIAGO DEL ESTERO
COLONIA TIROLESA;CÓRDOBA
COLONIA TUNAS;ENTRE RÍOS
COLONIA VALTELINA;CÓRDOBA
COLONIA VICENTE AG├£ERO;CÓRDOBA
COLONIA VICTORIA;MISIONES
COLONIA VIDELA;CÓRDOBA
COLONIA VIGNAUD;CÓRDOBA
COLONIA VIRARO;ENTRE RÍOS
COLONIAS UNIDAS;CHACO
COMALLO;RÍO NEGRO
COMANDANTE FONTANA;FORMOSA
COMANDANTE LUIS PIEDRA BUENA;SANTA CRUZ
COMECHINGONES;CÓRDOBA
COMICO;RÍO NEGRO
COMODORO RIVADAVIA;CHUBUT
COMUNA 1;CIUDAD DE BUENOS AIRES
COMUNA 10;CIUDAD DE BUENOS AIRES
COMUNA 11;CIUDAD DE BUENOS AIRES
COMUNA 12;CIUDAD DE BUENOS AIRES
COMUNA 13;CIUDAD DE BUENOS AIRES
COMUNA 14;CIUDAD DE BUENOS AIRES
COMUNA 15;CIUDAD DE BUENOS AIRES
COMUNA 2;CIUDAD DE BUENOS AIRES
COMUNA 3;CIUDAD DE BUENOS AIRES
COMUNA 4;CIUDAD DE BUENOS AIRES
COMUNA 5;CIUDAD DE BUENOS AIRES
COMUNA 6;CIUDAD DE BUENOS AIRES
COMUNA 7;CIUDAD DE BUENOS AIRES
COMUNA 8;CIUDAD DE BUENOS AIRES
COMUNA 9;CIUDAD DE BUENOS AIRES
CONA NIYEU;RÍO NEGRO
CONCARAN;SAN LUIS
CONCEPCION;TUCUMÁN
CONCEPCION DE LA SIERRA;MISIONES
CONCEPCION DEL BERMEJO;CHACO
CONCEPCION DEL URUGUAY;ENTRE RÍOS
CONCEPCION DEL YAGUARETE CORA;CORRIENTES
CONCORDIA;ENTRE RÍOS
CONHELO;LA PAMPA
CONLARA;CÓRDOBA
CONSCRIPTO BERNARDI;ENTRE RÍOS
CONSTANZA;SANTA FE
CONTRALMIRANTE CORDERO;RÍO NEGRO
COPACABANA;CÓRDOBA
CORANZULI;JUJUY
CORCOVADO;CHUBUT
CORDOBA;CÓRDOBA
CORONDA;SANTA FE
CORONEL ARNOLD;SANTA FE
CORONEL BAIGORRIA;CÓRDOBA
CORONEL BELISLE;RÍO NEGRO
CORONEL BOGADO;SANTA FE
CORONEL DE MARINA L ROSALES;BUENOS AIRES
CORONEL DOMINGUEZ;SANTA FE
CORONEL DORREGO;BUENOS AIRES
CORONEL DU GRATY;CHACO
CORONEL FELIPE VARELA;LA RIOJA
CORONEL FRAGA;SANTA FE
CORONEL HILARIO LAGOS;LA PAMPA
CORONEL MOLDES;CÓRDOBA
CORONEL MOLDES;SALTA
CORONEL PRINGLES;BUENOS AIRES
CORONEL SUAREZ;BUENOS AIRES
CORPUS;MISIONES
CORRAL DE BUSTOS;CÓRDOBA
CORRAL QUEMADO;CATAMARCA
CORRALITO;CÓRDOBA
CORREA;SANTA FE
CORRIENTES;CORRIENTES
CORTADERAS;SAN LUIS
CORZUELA;CHACO
COSQUIN;CÓRDOBA
COSTA GRANDE;ENTRE RÍOS
COSTA SACATE;CÓRDOBA
COSTA URUGUAY NORTE;ENTRE RÍOS
COSTA URUGUAY SUR;ENTRE RÍOS
COTE LAI;CHACO
COVUNCO ABAJO;NEUQUÉN
COYUCO COCHICO;NEUQUÉN
CRESPO;ENTRE RÍOS
CRISPI;SANTA FE
CRUCESITAS OCTAVA;ENTRE RÍOS
CRUCESITAS TERCERA;ENTRE RÍOS
CRUZ ALTA;CÓRDOBA
CRUZ DE CAÑA;CÓRDOBA
CRUZ DE LOS MILAGROS;CORRIENTES
CRUZ DEL EJE;CÓRDOBA
CUATRO BOCAS;SANTIAGO DEL ESTERO
CUBANEA;RÍO NEGRO
CUCHILLA REDONDA;ENTRE RÍOS
CUCHILLO CO;LA PAMPA
CUESTA BLANCA;CÓRDOBA
CULULU;SANTA FE
CURTIEMBRE;ENTRE RÍOS
CURUPAITY;SANTA FE
CURUZU CUATIA;CORRIENTES
CUSHAMEN CENTRO;CHUBUT
CUSI CUSI;JUJUY
CUTRAL CO;NEUQUÉN
DAIREAUX;BUENOS AIRES
DALMACIO VELEZ;CÓRDOBA
DARWIN;RÍO NEGRO
DEAN FUNES;CÓRDOBA
DEL CAMPILLO;CÓRDOBA
DELFIN GALLO;TUCUMÁN
DESAGUADERO;SAN LUIS
DESPEÑADEROS;CÓRDOBA
DESVIO ARIJON;SANTA FE
DEVOTO;CÓRDOBA
DIAMANTE;ENTRE RÍOS
DIAZ;SANTA FE
DIEGO DE ALVEAR;SANTA FE
DIEGO DE ROJAS;CÓRDOBA
DINA HUAPI;RÍO NEGRO
DIQUE CHICO;CÓRDOBA
DIQUE FLORENTINO AMEGHINO;CHUBUT
DISTRITO CHAÑAR;ENTRE RÍOS
DISTRITO CHIQUEROS;ENTRE RÍOS
DISTRITO DIEGO LOPEZ;ENTRE RÍOS
DISTRITO PRIMERO (PRIMER DISTRITO CUCHILLA);ENTRE RÍOS
DISTRITO SEXTO COSTA DE NOGOYA;ENTRE RÍOS
DISTRITO TALA;ENTRE RÍOS
DISTRITO TALITAS;ENTRE RÍOS
DOÑA LUISA;SANTIAGO DEL ESTERO
DOBLAS;LA PAMPA
DOCTOR RICARDO ROJAS;CHUBUT
DOLAVON;CHUBUT
DOLORES;BUENOS AIRES
DON CRISTOBAL PRIMERO;ENTRE RÍOS
DON CRISTOBAL SEGUNDO;ENTRE RÍOS
DONADEU;SANTIAGO DEL ESTERO
DORILA;LA PAMPA
DOS ARROYOS;MISIONES
DOS DE MAYO;MISIONES
DOS ROSAS Y LA LEGUA;SANTA FE
DURAZNO;ENTRE RÍOS
EDUARDO CASTEX;LA PAMPA
EGUSQUIZA;SANTA FE
EL AGUILAR;JUJUY
EL AIBE;SANTIAGO DEL ESTERO
EL ALCAZAR;MISIONES
EL ALTO;CATAMARCA
EL ARAÑADO;CÓRDOBA
EL ARAZA;SANTA FE
EL ARENAL;SANTIAGO DEL ESTERO
EL BOBADAL;SANTIAGO DEL ESTERO
EL BOLSON;RÍO NEGRO
EL BORDO;SALTA
EL BRACHO Y EL CEVILAR;TUCUMÁN
EL BRETE;CÓRDOBA
EL CABURE;SANTIAGO DEL ESTERO
EL CADILLAL;TUCUMÁN
EL CAIN;RÍO NEGRO
EL CALAFATE;SANTA CRUZ
EL CARMEN;JUJUY
EL CARMEN - ESTACION RACEDO;ENTRE RÍOS
EL CARRIL;SALTA
EL CERCADO;TUCUMÁN
EL CHAÑAR;TUCUMÁN
EL CHACHO;CÓRDOBA
EL CHALTEN;SANTA CRUZ
EL CHARCO;SANTIAGO DEL ESTERO
EL CHOLAR;NEUQUÉN
EL CIMARRON;ENTRE RÍOS
EL COLORADO;FORMOSA
EL COLORADO;SANTIAGO DEL ESTERO
EL CONDOR;JUJUY
EL CRISPIN;CÓRDOBA
EL CRUCE;SANTIAGO DEL ESTERO
EL CUADRADO;SANTIAGO DEL ESTERO
EL CUY;RÍO NEGRO
EL DEAN;SANTIAGO DEL ESTERO
EL ESPINILLO;CHACO
EL ESPINILLO;FORMOSA
EL FORTIN;CÓRDOBA
EL FUERTE;JUJUY
EL GALPON;SALTA
EL GATO - LOMA LIMPIA;ENTRE RÍOS
EL GRAMIYAL;ENTRE RÍOS
EL HOYO;CHUBUT
EL HUECU;NEUQUÉN
EL JARDIN;SALTA
EL MAITEN;CHUBUT
EL MANANTIAL;TUCUMÁN
EL MANSO;RÍO NEGRO
EL MANZANO;CÓRDOBA
EL MOJON;SANTIAGO DEL ESTERO
EL MOJON;TUCUMÁN
EL MOLLAR;TUCUMÁN
EL NARANJITO;TUCUMÁN
EL NARANJO Y EL SUNCHAL;TUCUMÁN
EL PALENQUE;ENTRE RÍOS
EL PINGO;ENTRE RÍOS
EL PIQUETE;JUJUY
EL POLEAR;TUCUMÁN
EL POTRERO;SALTA
EL POTRILLO;FORMOSA
EL PUESTITO;TUCUMÁN
EL QUEBRACHAL;SALTA
EL QUEBRACHO;ENTRE RÍOS
EL RABON;SANTA FE
EL RASTREADOR;CÓRDOBA
EL RECREO;FORMOSA
EL REDOMON;ENTRE RÍOS
EL RODEO;CÓRDOBA
EL RODEO;CATAMARCA
EL SACRIFICIO;TUCUMÁN
EL SAUCE;NEUQUÉN
EL SAUZAL;SANTIAGO DEL ESTERO
EL SAUZALITO;CHACO
EL SOBERBIO;MISIONES
EL SOLAR, SAN CARLOS Y COLONIA BERTOZZI;ENTRE RÍOS
EL SOMBRERITO;SANTA FE
EL SOMBRERO;CORRIENTES
EL TALA;SALTA
EL TALAR;JUJUY
EL TIMBO;TUCUMÁN
EL TIO;CÓRDOBA
EL TRAPICHE;SAN LUIS
EL TREBOL;SANTA FE
EL TURBIO;SANTA CRUZ
EL VOLCAN;SAN LUIS
ELDORADO;MISIONES
ELENA;CÓRDOBA
ELISA;SANTA FE
ELORTONDO;SANTA FE
EMBAJADOR MARTINI;LA PAMPA
EMBALSE;CÓRDOBA
EMBARCACION;SALTA
EMILIA;SANTA FE
EMPALME SAN CARLOS;SANTA FE
EMPALME VILLA CONSTITUCION;SANTA FE
EMPEDRADO;CORRIENTES
ENRIQUE CARBO;ENTRE RÍOS
ENRIQUE URIEN;CHACO
ENSENADA;BUENOS AIRES
EPUYEN;CHUBUT
ESCABA;TUCUMÁN
ESCOBAR;BUENOS AIRES
ESMERALDA;SANTA FE
ESPERANZA;SANTA FE
ESPINILLO NORTE;ENTRE RÍOS
ESQUEL;CHUBUT
ESQUINA;CÓRDOBA
ESQUINA;CORRIENTES
ESQUINA Y MANCOPA;TUCUMÁN
ESTACION ARAOZ Y TACANAS;TUCUMÁN
ESTACION ATAMISQUI;SANTIAGO DEL ESTERO
ESTACION CAMPS;ENTRE RÍOS
ESTACION CLUCELLAS;SANTA FE
ESTACION ESCRIÑA;ENTRE RÍOS
ESTACION GENERAL PAZ;CÓRDOBA
ESTACION JUAREZ CELMAN;CÓRDOBA
ESTACION LAZO;ENTRE RÍOS
ESTACION LIBAROS;ENTRE RÍOS
ESTACION RAICES;ENTRE RÍOS
ESTACION ROBLES;SANTIAGO DEL ESTERO
ESTACION SIMBOLAR;SANTIAGO DEL ESTERO
ESTACION TORRENT;CORRIENTES
ESTACION YERUA;ENTRE RÍOS
ESTACION YUQUERI;ENTRE RÍOS
ESTANCIA DE GUADALUPE;CÓRDOBA
ESTANCIA GRANDE;ENTRE RÍOS
ESTANCIA GRANDE;SAN LUIS
ESTANCIA VIEJA;CÓRDOBA
ESTANISLAO DEL CAMPO;FORMOSA
ESTAQUITAS;ENTRE RÍOS
ESTEBAN ECHEVERRIA;BUENOS AIRES
ESTEBAN RAMS;SANTA FE
ESTHER;SANTA FE
ETRURIA;CÓRDOBA
EUFRASIO LOZA;CÓRDOBA
EUSEBIA Y CAROLINA;SANTA FE
EUSTOLIA;SANTA FE
EXALTACION DE LA CRUZ;BUENOS AIRES
EZEIZA;BUENOS AIRES
FACHINAL;MISIONES
FACUNDO;CHUBUT
FALDA DEL CARMEN;CÓRDOBA
FALUCHO;LA PAMPA
FAMAILLA;TUCUMÁN
FAMATINA;LA RIOJA
FAUSTINO M PARERA;ENTRE RÍOS
FEDERACION;ENTRE RÍOS
FEDERAL;ENTRE RÍOS
FELICIA;SANTA FE
FELIPE YOFRE;CORRIENTES
FERNANDEZ;SANTIAGO DEL ESTERO
FIAMBALA;CATAMARCA
FIDELA;SANTA FE
FIGHIERA;SANTA FE
FIRMAT;SANTA FE
FITZ ROY;SANTA CRUZ
FLORENCIA;SANTA FE
FLORENCIO VARELA;BUENOS AIRES
FLORENTINO AMEGHINO;BUENOS AIRES
FLORENTINO AMEGHINO;MISIONES
FONTANA;CHACO
FORMOSA;FORMOSA
FORRES;SANTIAGO DEL ESTERO
FORTIN CABO 1°  LUGONES;FORMOSA
FORTIN EL PATRIA;SAN LUIS
FORTIN INCA;SANTIAGO DEL ESTERO
FORTIN OLMOS;SANTA FE
FORTIN SARGENTO 1° LEYES;FORMOSA
FORTUNA;SAN LUIS
FRAGA;SAN LUIS
FRAILE PINTADO;JUJUY
FRANCK;SANTA FE
FRAY LUIS BELTRAN;SANTA FE
FRAY MAMERTO ESQUIU;CATAMARCA
FREYRE;CÓRDOBA
FRIAS;SANTIAGO DEL ESTERO
FRONTERA;SANTA FE
FUENTES;SANTA FE
FUERTE ESPERANZA;CHACO
FUNES;SANTA FE
GABOTO;SANTA FE
GAIMAN;CHUBUT
GALISTEO;SANTA FE
GALVEZ;SANTA FE
GAN GAN;CHUBUT
GANCEDO;CHACO
GARABATO;SANTA FE
GARAVI;CORRIENTES
GARIBALDI;SANTA FE
GARMENDIA;TUCUMÁN
GARRUCHOS;CORRIENTES
GARUHAPE;MISIONES
GARUPA;MISIONES
GARZA;SANTIAGO DEL ESTERO
GASTONA Y BELICHA;TUCUMÁN
GASTRE;CHUBUT
GATO COLORADO;SANTA FE
GENERAL ACHA;LA PAMPA
GENERAL ALMADA;ENTRE RÍOS
GENERAL ALVARADO;BUENOS AIRES
GENERAL ALVEAR;BUENOS AIRES
GENERAL ALVEAR;ENTRE RÍOS
GENERAL ALVEAR;MENDOZA
GENERAL ALVEAR;MISIONES
GENERAL ANGEL V PEÑALOZA;LA RIOJA
GENERAL ARENALES;BUENOS AIRES
GENERAL BALDISSERA;CÓRDOBA
GENERAL BALLIVIAN;SALTA
GENERAL BELGRANO;BUENOS AIRES
GENERAL BELGRANO;FORMOSA
GENERAL BELGRANO;LA RIOJA
GENERAL CABRERA;CÓRDOBA
GENERAL CAMPOS;ENTRE RÍOS
GENERAL CAMPOS;LA PAMPA
GENERAL CAPDEVILA;CHACO
GENERAL CONESA;RÍO NEGRO
GENERAL DEHEZA;CÓRDOBA
GENERAL ENRIQUE GODOY;RÍO NEGRO
GENERAL FERNANDEZ ORO;RÍO NEGRO
GENERAL FOTHERINGHAM;CÓRDOBA
GENERAL GALARZA;ENTRE RÍOS
GENERAL GELLY;SANTA FE
GENERAL GUEMES;SALTA
GENERAL GUIDO;BUENOS AIRES
GENERAL JUAN F QUIROGA;LA RIOJA
GENERAL JUAN MADARIAGA;BUENOS AIRES
GENERAL LA MADRID;BUENOS AIRES
GENERAL LAGOS;SANTA FE
GENERAL LAMADRID;LA RIOJA
GENERAL LAS HERAS;BUENOS AIRES
GENERAL LAVALLE;BUENOS AIRES
GENERAL LEVALLE;CÓRDOBA
GENERAL LUCIO V MANSILLA;FORMOSA
GENERAL MOSCONI;FORMOSA
GENERAL MOSCONI;SALTA
GENERAL OCAMPO;LA RIOJA
GENERAL PAZ;BUENOS AIRES
GENERAL PICO;LA PAMPA
GENERAL PINEDO;CHACO
GENERAL PINTO;BUENOS AIRES
GENERAL PIZARRO;SALTA
GENERAL PUEYRREDON;BUENOS AIRES
GENERAL RAMIREZ;ENTRE RÍOS
GENERAL ROCA;CÓRDOBA
GENERAL ROCA;RÍO NEGRO
GENERAL RODRIGUEZ;BUENOS AIRES
GENERAL SAN MARTIN;BUENOS AIRES
GENERAL SAN MARTIN;CHACO
GENERAL SAN MARTIN;LA PAMPA
GENERAL SAN MARTIN;LA RIOJA
GENERAL URQUIZA;MISIONES
GENERAL VEDIA;CHACO
GENERAL VIAMONTE;BUENOS AIRES
GENERAL VILLEGAS;BUENOS AIRES
GESSLER;SANTA FE
GILBERT;ENTRE RÍOS
GOBERNADOR COSTA;CHUBUT
GOBERNADOR CRESPO;SANTA FE
GOBERNADOR DUVAL;LA PAMPA
GOBERNADOR ECHAGUE;ENTRE RÍOS
GOBERNADOR FEBRE;ENTRE RÍOS
GOBERNADOR GREGORES;SANTA CRUZ
GOBERNADOR LOPEZ;MISIONES
GOBERNADOR MANSILLA;ENTRE RÍOS
GOBERNADOR MARTINEZ;CORRIENTES
GOBERNADOR ROCA;MISIONES
GOBERNADOR SOLA;ENTRE RÍOS
GOBERNADOR VIRASORO;CORRIENTES
GODEKEN;SANTA FE
GODOY;SANTA FE
GODOY CRUZ;MENDOZA
GOLONDRINA;SANTA FE
GONZALEZ CALDERON;ENTRE RÍOS
GOYA;CORRIENTES
GRAMILLA;SANTIAGO DEL ESTERO
GRAN GUARDIA;FORMOSA
GRANADERO BAIGORRIA;SANTA FE
GRANEROS;TUCUMÁN
GREGORIA PEREZ DE DENIS;SANTA FE
GRUTLY;SANTA FE
GUAÑACOS;NEUQUÉN
GUACHIPAS;SALTA
GUADALUPE NORTE;SANTA FE
GUALEGUAY;ENTRE RÍOS
GUALEGUAYCHU;ENTRE RÍOS
GUALEGUAYCITO;ENTRE RÍOS
GUALJAINA;CHUBUT
GUAMINI;BUENOS AIRES
GUAMPACHA;SANTIAGO DEL ESTERO
GUANACO MUERTO;CÓRDOBA
GUARANI;MISIONES
GUARDAMONTE;ENTRE RÍOS
GUARDIA ESCOLTA;SANTIAGO DEL ESTERO
GUARDIA MITRE;RÍO NEGRO
GUASAPAMPA;CÓRDOBA
GUATIMOZIN;CÓRDOBA
GUATRACHE;LA PAMPA
GUAVIRAVI;CORRIENTES
GUAYMALLEN;MENDOZA
GUTEMBERG;CÓRDOBA
HAMBIS;ENTRE RÍOS
HARDY;SANTA FE
HASENKAMP;ENTRE RÍOS
HELVECIA;SANTA FE
HERLITZKA;CORRIENTES
HERMOSO CAMPO;CHACO
HERNANDARIAS;ENTRE RÍOS
HERNANDEZ;ENTRE RÍOS
HERNANDO;CÓRDOBA
HERRADURA;FORMOSA
HERRERA;ENTRE RÍOS
HERRERA;SANTIAGO DEL ESTERO
HERSILIA;SANTA FE
HINOJAL;ENTRE RÍOS
HIPATIA;SANTA FE
HIPOLITO YRIGOYEN;BUENOS AIRES
HIPOLITO YRIGOYEN;JUJUY
HIPOLITO YRIGOYEN;MISIONES
HIPOLITO YRIGOYEN;SALTA
HOCKER;ENTRE RÍOS
HOYON;SANTIAGO DEL ESTERO
HUACALERA;JUJUY
HUACHANA;SANTIAGO DEL ESTERO
HUALFIN;CATAMARCA
HUANCHILLA;CÓRDOBA
HUANQUEROS;SANTA FE
HUASA PAMPA;TUCUMÁN
HUERTA GRANDE;CÓRDOBA
HUGENTOBLER;SANTA FE
HUGHES;SANTA FE
HUILLAPIMA;CATAMARCA
HUINCA RENANCO;CÓRDOBA
HUINGANCO;NEUQUÉN
HUMAHUACA;JUJUY
HUMBERTO PRIMO;SANTA FE
HUMBOLDT;SANTA FE
HURLINGHAM;BUENOS AIRES
IBARLUCEA;SANTA FE
IBARRETA;FORMOSA
IBICUY;ENTRE RÍOS
ICAÑO;CATAMARCA
ICAÑO;SANTIAGO DEL ESTERO
IDIAZABAL;CÓRDOBA
IGLESIA;SAN JUAN
IMPIRA;CÓRDOBA
INDEPENDENCIA;LA RIOJA
INGENIERO CHANOURDIE;SANTA FE
INGENIERO GUILLERMO NICASIO JUAREZ;FORMOSA
INGENIERO HUERGO;RÍO NEGRO
INGENIERO JACOBACCI;RÍO NEGRO
INGENIERO LUIGGI;LA PAMPA
INGENIERO SAJAROFF;ENTRE RÍOS
INRIVILLE;CÓRDOBA
INTENDENTE ALVEAR;LA PAMPA
INTIYACO;SANTA FE
IRAZUSTA;ENTRE RÍOS
IRIGOYEN;SANTA FE
IRUYA;SALTA
ISLA DE CAÑAS;SALTA
ISLA DEL CERRITO;CHACO
ISLA VERDE;CÓRDOBA
ISLAS LAS LECHIGUANAS;ENTRE RÍOS
ISLETAS;ENTRE RÍOS
ITA IBATE;CORRIENTES
ITACARUARE;MISIONES
ITALO;CÓRDOBA
ITATI;CORRIENTES
ITUZAINGO;BUENOS AIRES
ITUZAINGO;CORRIENTES
ITUZAINGO;SANTA FE
JACHAL;SAN JUAN
JACINTO ARAUZ;LA PAMPA
JACINTO L;SANTA FE
JAMES CRAIK;CÓRDOBA
JARAMILLO;SANTA CRUZ
JARDIN AMERICA;MISIONES
JESUS MARIA;CÓRDOBA
JOAQUIN V GONZALEZ;SALTA
JOSE C PAZ;BUENOS AIRES
JOSE DE SAN MARTIN;CHUBUT
JOSEFINA;SANTA FE
JOVITA;CÓRDOBA
JUAN B MOLINA;SANTA FE
JUAN BAUTISTA ALBERDI;TUCUMÁN
JUAN DE GARAY;SANTA FE
JUAN G BAZAN;FORMOSA
JUAN JORBA;SAN LUIS
JUAN JOSE CASTELLI;CHACO
JUAN LLERENA;SAN LUIS
JUAN PUJOL;CORRIENTES
JUANA KOSLAY;SAN LUIS
JUANILLO;SANTIAGO DEL ESTERO
JUBILEO;ENTRE RÍOS
JULIA DUFOUR;SANTA CRUZ
JUNCAL;SANTA FE
JUNIN;BUENOS AIRES
JUNIN;MENDOZA
JUNIN DE LOS ANDES;NEUQUÉN
JUSTINIANO POSSE;CÓRDOBA
JUSTO DARACT;SAN LUIS
KILOMETRO 49;SANTIAGO DEL ESTERO
KILOMETRO 658;CÓRDOBA
LA ADELA;LA PAMPA
LA AURORA;SANTIAGO DEL ESTERO
LA BANDA;SANTIAGO DEL ESTERO
LA BATEA;CÓRDOBA
LA BRAVA;SANTA FE
LA CAÑADA;SANTIAGO DEL ESTERO
LA CABRAL;SANTA FE
LA CALDERA;SALTA
LA CALERA;CÓRDOBA
LA CALERA;SAN LUIS
LA CAMILA;SANTA FE
LA CANDELARIA;SALTA
LA CARLOTA;CÓRDOBA
LA CAROLINA EL POTOSI;CÓRDOBA
LA CAUTIVA;CÓRDOBA
LA CESIRA;CÓRDOBA
LA CHISPA;SANTA FE
LA CLARITA;ENTRE RÍOS
LA CLOTILDE;CHACO
LA COCHA;TUCUMÁN
LA COSTA;BUENOS AIRES
LA CRIOLLA;ENTRE RÍOS
LA CRIOLLA;SANTA FE
LA CRUZ;CÓRDOBA
LA CRUZ;CORRIENTES
LA CUMBRE;CÓRDOBA
LA CUMBRECITA;CÓRDOBA
LA EDUVIGIS;CHACO
LA ESCONDIDA;CHACO
LA ESMERALDA;ENTRE RÍOS
LA ESPERANZA;JUJUY
LA ESPERANZA;TUCUMÁN
LA FALDA;CÓRDOBA
LA FLORIDA;ENTRE RÍOS
LA FLORIDA Y LUISIANA;TUCUMÁN
LA FRANCIA;CÓRDOBA
LA FRATERNIDAD Y SANTA JUANA;ENTRE RÍOS
LA GALLARETA;SANTA FE
LA GRANJA;CÓRDOBA
LA HIERRA;ENTRE RÍOS
LA HIGUERA;CÓRDOBA
LA HUMADA;LA PAMPA
LA INVERNADA;SANTIAGO DEL ESTERO
LA LAGUNA;CÓRDOBA
LA LEONESA;CHACO
LA LUCILA;SANTA FE
LA MARUJA;LA PAMPA
LA MATANZA;BUENOS AIRES
LA MENDIETA;JUJUY
LA MERCED;SALTA
LA NENA - LA SIMONA;SANTIAGO DEL ESTERO
LA NORIA;SANTIAGO DEL ESTERO
LA OLLITA;ENTRE RÍOS
LA PAISANITA;CÓRDOBA
LA PALESTINA;CÓRDOBA
LA PAMPA;CÓRDOBA
LA PAQUITA;CÓRDOBA
LA PARA;CÓRDOBA
LA PAZ;CÓRDOBA
LA PAZ;ENTRE RÍOS
LA PAZ;MENDOZA
LA PELADA;SANTA FE
LA PENCA Y CARAGUATA;SANTA FE
LA PICADA;ENTRE RÍOS
LA PLATA;BUENOS AIRES
LA PLAYA;CÓRDOBA
LA PLAYOSA;CÓRDOBA
LA POBLACION;CÓRDOBA
LA POMA;SALTA
LA POSTA;CÓRDOBA
LA PROVIDENCIA;ENTRE RÍOS
LA PUERTA;CÓRDOBA
LA PUERTA;CATAMARCA
LA PUNILLA;SAN LUIS
LA PUNTA;SAN LUIS
LA QUIACA;JUJUY
LA QUINTA;CÓRDOBA
LA RAMADA Y LA CRUZ;TUCUMÁN
LA RANCHERITA;CÓRDOBA
LA REFORMA;LA PAMPA
LA RINCONADA;CÓRDOBA
LA RUBIA;SANTA FE
LA SARITA;SANTA FE
LA SERRANITA;CÓRDOBA
LA TIGRA;CHACO
LA TOMA;SAN LUIS
LA TORDILLA;CÓRDOBA
LA TRINIDAD;TUCUMÁN
LA VANGUARDIA;SANTA FE
LA VERBENA;ENTRE RÍOS
LA VERDE;CHACO
LA VERTIENTE;SAN LUIS
LA VIÑA;SALTA
LABORDE;CÓRDOBA
LABORDEBOY;SANTA FE
LABOULAYE;CÓRDOBA
LAFINUR;SAN LUIS
LAGO BLANCO;CHUBUT
LAGO POSADAS;SANTA CRUZ
LAGO PUELO;CHUBUT
LAGUNA BENITEZ;ENTRE RÍOS
LAGUNA BLANCA;CHACO
LAGUNA BLANCA;FORMOSA
LAGUNA BLANCA;RÍO NEGRO
LAGUNA DEL PESCADO;ENTRE RÍOS
LAGUNA GALLO;FORMOSA
LAGUNA LARGA;CÓRDOBA
LAGUNA LIMPIA;CHACO
LAGUNA NAICK NECK;FORMOSA
LAGUNA PAIVA;SANTA FE
LAGUNA YEMA;FORMOSA
LAGUNITA SALADA;CHUBUT
LAMADRID;TUCUMÁN
LAMARQUE;RÍO NEGRO
LANÚS;BUENOS AIRES
LANDETA;SANTA FE
LANTERI;SANTA FE
LAPACHITO;CHACO
LAPRIDA;BUENOS AIRES
LAPRIDA;SANTIAGO DEL ESTERO
LARRECHEA;SANTA FE
LARROQUE;ENTRE RÍOS
LAS ACEQUIAS;CÓRDOBA
LAS AGUADAS;SAN LUIS
LAS ALBAHACAS;CÓRDOBA
LAS ARRIAS;CÓRDOBA
LAS AVISPAS;SANTA FE
LAS BAJADAS;CÓRDOBA
LAS BANDURRIAS;SANTA FE
LAS BREÑAS;CHACO
LAS CAÑADAS;CÓRDOBA
LAS CALERAS;CÓRDOBA
LAS CALLES;CÓRDOBA
LAS CEJAS;TUCUMÁN
LAS CHACRAS;SAN LUIS
LAS COLORADAS;NEUQUÉN
LAS CUEVAS;ENTRE RÍOS
LAS DELICIAS;SANTIAGO DEL ESTERO
LAS FLORES;BUENOS AIRES
LAS GARCITAS;CHACO
LAS GARZAS;ENTRE RÍOS
LAS GARZAS;SANTA FE
LAS GRAMILLAS;CÓRDOBA
LAS GRUTAS;RÍO NEGRO
LAS GUACHAS;ENTRE RÍOS
LAS HERAS;MENDOZA
LAS HERAS;SANTA CRUZ
LAS HIGUERAS;CÓRDOBA
LAS ISLETILLAS;CÓRDOBA
LAS JUNTAS;CATAMARCA
LAS JUNTURAS;CÓRDOBA
LAS LAGUNAS;SAN LUIS
LAS LAJAS;NEUQUÉN
LAS LAJITAS;SALTA
LAS LOMITAS;FORMOSA
LAS MERCEDES;ENTRE RÍOS
LAS MOSCAS;ENTRE RÍOS
LAS MULITAS;ENTRE RÍOS
LAS OVEJAS;NEUQUÉN
LAS PALMAS;CÓRDOBA
LAS PALMAS;CHACO
LAS PALMERAS;SANTA FE
LAS PAREJAS;SANTA FE
LAS PEÑAS;CÓRDOBA
LAS PEÑAS SUD;CÓRDOBA
LAS PERDICES;CÓRDOBA
LAS PETACAS;SANTA FE
LAS PLAYAS;CÓRDOBA
LAS PLUMAS;CHUBUT
LAS RABONAS;CÓRDOBA
LAS ROSAS;SANTA FE
LAS SALADAS;CÓRDOBA
LAS TALAS;TUCUMÁN
LAS TALITAS;TUCUMÁN
LAS TAPIAS;CÓRDOBA
LAS TINAJAS;SANTIAGO DEL ESTERO
LAS TOSCAS;ENTRE RÍOS
LAS TOSCAS;SANTA FE
LAS TUNAS;ENTRE RÍOS
LAS TUNAS;SANTA FE
LAS VARAS;CÓRDOBA
LAS VARILLAS;CÓRDOBA
LAS VERTIENTES;CÓRDOBA
LAURENCENA;ENTRE RÍOS
LAVAISSE;SAN LUIS
LAVALLE;CORRIENTES
LAVALLE;MENDOZA
LAVALLE;SANTIAGO DEL ESTERO
LAZZARINO;SANTA FE
LEALES;TUCUMÁN
LEANDRO N ALEM;BUENOS AIRES
LEANDRO N ALEM;MISIONES
LEANDRO N ALEM;SAN LUIS
LEGUIZAMON;CÓRDOBA
LEHMANN;SANTA FE
LEON ROUGES Y STA;TUCUMÁN
LEONES;CÓRDOBA
LESCANO;SANTIAGO DEL ESTERO
LEZAMA;BUENOS AIRES
LIBERTAD;SANTIAGO DEL ESTERO
LIBERTADOR GENERAL SAN MARTIN;JUJUY
LILO VIEJO - PATAY;SANTIAGO DEL ESTERO
LIMAY MAHUIDA;LA PAMPA
LINCOLN;BUENOS AIRES
LLAMBI CAMPBELL;SANTA FE
LOBERIA;BUENOS AIRES
LOBOS;BUENOS AIRES
LOGROÑO;SANTA FE
LOMA ALTA;SANTA FE
LOMAS DE VALLEJOS;CORRIENTES
LOMAS DE ZAMORA;BUENOS AIRES
LONCOPUE;NEUQUÉN
LONDRES;CATAMARCA
LONQUIMAY;LA PAMPA
LOPEZ;SANTA FE
LORETO;CORRIENTES
LORETO;MISIONES
LORETO;SANTIAGO DEL ESTERO
LOS ALTARES;CHUBUT
LOS ALTOS;CATAMARCA
LOS AMORES;SANTA FE
LOS ANTIGUOS;SANTA CRUZ
LOS BULACIO Y LOS VILLAGRA;TUCUMÁN
LOS CAJONES;SAN LUIS
LOS CARDOS;SANTA FE
LOS CATUTOS;NEUQUÉN
LOS CEDROS;CÓRDOBA
LOS CERRILLOS;CÓRDOBA
LOS CHAÑARITOS (CRUZ DEL EJE);CÓRDOBA
LOS CHAÑARITOS (RÍO SEGUNDO);CÓRDOBA
LOS CHARRUAS;ENTRE RÍOS
LOS CHIHUIDOS;NEUQUÉN
LOS CHIRIGUANOS;FORMOSA
LOS CISNES;CÓRDOBA
LOS COCOS;CÓRDOBA
LOS CONDORES;CÓRDOBA
LOS CONQUISTADORES;ENTRE RÍOS
LOS FRENTONES;CHACO
LOS GOMEZ;TUCUMÁN
LOS HELECHOS;MISIONES
LOS HORNILLOS;CÓRDOBA
LOS HOYOS;CÓRDOBA
LOS JURIES;SANTIAGO DEL ESTERO
LOS LAURELES;SANTA FE
LOS MENUCOS;RÍO NEGRO
LOS MICHES;NEUQUÉN
LOS MISTOLES;CÓRDOBA
LOS MOLINOS;CÓRDOBA
LOS MOLINOS;SANTA FE
LOS MOLLES;SAN LUIS
LOS NOGALES;TUCUMÁN
LOS NUÑEZ;SANTIAGO DEL ESTERO
LOS OVEJEROS;SANTIAGO DEL ESTERO
LOS PEREYRA;TUCUMÁN
LOS PEREZ;TUCUMÁN
LOS PIRPINTOS;SANTIAGO DEL ESTERO
LOS POZOS;CÓRDOBA
LOS PUESTOS;TUCUMÁN
LOS QUIROGA;SANTIAGO DEL ESTERO
LOS QUIRQUINCHOS;SANTA FE
LOS RALOS;TUCUMÁN
LOS REARTES;CÓRDOBA
LOS ROMANOS - SANTO DOMINGO;SANTIAGO DEL ESTERO
LOS SARMIENTOS Y LA TIPA;TUCUMÁN
LOS SOSA;TUCUMÁN
LOS SURGENTES;CÓRDOBA
LOS TABANOS;SANTA FE
LOS TALARES;CÓRDOBA
LOS TELARES;SANTIAGO DEL ESTERO
LOS TOLDOS;SALTA
LOS VARELA;CATAMARCA
LOS ZORROS;CÓRDOBA
LOVENTUE;LA PAMPA
LOZADA;CÓRDOBA
LUAN TORO;LA PAMPA
LUCA;CÓRDOBA
LUCAS GONZALEZ;ENTRE RÍOS
LUCAS NORTE;ENTRE RÍOS
LUCAS SUR PRIMERO;ENTRE RÍOS
LUCAS SUR SEGUNDO;ENTRE RÍOS
LUCIO V LOPEZ;SANTA FE
LUCIO VICTORIO MANSILLA;CÓRDOBA
LUGONES;SANTIAGO DEL ESTERO
LUIS BELTRAN;RÍO NEGRO
LUIS PALACIOS;SANTA FE
LUJAN;BUENOS AIRES
LUJAN;SAN LUIS
LUJAN DE CUYO;MENDOZA
LUQUE;CÓRDOBA
LUTTI;CÓRDOBA
LUYABA;CÓRDOBA
MACACHIN;LA PAMPA
MACHAGAI;CHACO
MACIA;ENTRE RÍOS
MACIEL;SANTA FE
MAGDALENA;BUENOS AIRES
MAGGIOLO;SANTA FE
MAIMARA;JUJUY
MAINQUE;RÍO NEGRO
MAIPU;BUENOS AIRES
MAIPU;MENDOZA
MAISONAVE;LA PAMPA
MAKALLE;CHACO
MALABRIGO;SANTA FE
MALAGUEÑO;CÓRDOBA
MALARGUE;MENDOZA
MALBRAN;SANTIAGO DEL ESTERO
MALENA;CÓRDOBA
MALVINAS ARGENTINAS;BUENOS AIRES
MALVINAS ARGENTINAS;CÓRDOBA
MAMUEL CHOIQUE;RÍO NEGRO
MANFREDI;CÓRDOBA
MANUEL GARCIA FERNANDEZ;TUCUMÁN
MANUELA PEDRAZA;TUCUMÁN
MANZANO AMARGO;NEUQUÉN
MAQUINCHAO;RÍO NEGRO
MAQUINISTA GALLINI;CÓRDOBA
MAR CHIQUITA;BUENOS AIRES
MARCELINO ESCALADA;SANTA FE
MARCOS JUAREZ;CÓRDOBA
MARCOS PAZ;BUENOS AIRES
MARGARITA;SANTA FE
MARGARITA BELEN;CHACO
MARIA GRANDE;ENTRE RÍOS
MARIA GRANDE 2°;ENTRE RÍOS
MARIA JUANA;SANTA FE
MARIA LUISA;SANTA FE
MARIA SUSANA;SANTA FE
MARIA TERESA;SANTA FE
MARIANO BOEDO;FORMOSA
MARIANO I LOZA;CORRIENTES
MARIANO MORENO;NEUQUÉN
MARTIRES;MISIONES
MARULL;CÓRDOBA
MATARA;SANTIAGO DEL ESTERO
MATILDE;SANTA FE
MATORRALES;CÓRDOBA
MATTALDI;CÓRDOBA
MAURICIO MAYER;LA PAMPA
MAXIMO PAZ;SANTA FE
MAYOR VICENTE E;FORMOSA
MAYU SUMAJ;CÓRDOBA
MBURUCUYA;CORRIENTES
MEDANOS;ENTRE RÍOS
MEDELLIN;SANTIAGO DEL ESTERO
MEDIA NARANJA;CÓRDOBA
MEDINA;TUCUMÁN
MELERO;SANTIAGO DEL ESTERO
MELINCUE;SANTA FE
MELO;CÓRDOBA
MENCUE;RÍO NEGRO
MENDIOLAZA;CÓRDOBA
MERCEDES;BUENOS AIRES
MERCEDES;CORRIENTES
MERLO;BUENOS AIRES
METAN;SALTA
METILEO;LA PAMPA
MI GRANJA;CÓRDOBA
MIGUEL CANE;LA PAMPA
MIGUEL RIGLOS;LA PAMPA
MIGUEL TORRES;SANTA FE
MINA 3;SANTA CRUZ
MINA CLAVERO;CÓRDOBA
MINA PIRQUITAS;JUJUY
MINISTRO RAMOS MEXIA;RÍO NEGRO
MIRAFLORES;CHACO
MIRAMAR;CÓRDOBA
MISION NUEVA POMPEYA;CHACO
MISION SAN FRANCISCO DE LAISHI;FORMOSA
MISION TACAAGLE;FORMOSA
MOCORETA;CORRIENTES
MOISES VILLE;SANTA FE
MOJON DE FIERRO;FORMOSA
MOJON GRANDE;MISIONES
MOJONES NORTE;ENTRE RÍOS
MOJONES SUR;ENTRE RÍOS
MOLINO DOLL;ENTRE RÍOS
MOLINOS;SALTA
MONIGOTES;SANTA FE
MONJE;SANTA FE
MONTE;BUENOS AIRES
MONTE BELLO;TUCUMÁN
MONTE BUEY;CÓRDOBA
MONTE CASEROS;CORRIENTES
MONTE CRISTO;CÓRDOBA
MONTE DE LOS GAUCHOS;CÓRDOBA
MONTE HERMOSO;BUENOS AIRES
MONTE LEÑA;CÓRDOBA
MONTE MAIZ;CÓRDOBA
MONTE NIEVAS;LA PAMPA
MONTE OSCURIDAD;SANTA FE
MONTE QUEMADO;SANTIAGO DEL ESTERO
MONTE RALO;CÓRDOBA
MONTE REDONDO (O 7° DISTRITO);ENTRE RÍOS
MONTE VERA;SANTA FE
MONTEAGUDO;TUCUMÁN
MONTECARLO;MISIONES
MONTEFIORE;SANTA FE
MONTEROS;TUCUMÁN
MONTERRICO;JUJUY
MONTES DE OCA;SANTA FE
MONTOYA;ENTRE RÍOS
MORENO;BUENOS AIRES
MORON;BUENOS AIRES
MORRISON;CÓRDOBA
MORTEROS;CÓRDOBA
MULAS GRANDES;ENTRE RÍOS
MURPHY;SANTA FE
MUTQUIN;CATAMARCA
NACION RANQUEL;SAN LUIS
NAHUEL NIYEU;RÍO NEGRO
NAPENAY;CHACO
NARE;SANTA FE
NASCHEL;SAN LUIS
NAUPA HUEN;RÍO NEGRO
NAVARRO;BUENOS AIRES
NAVIA;SAN LUIS
NAZARENO;SALTA
NECOCHEA;BUENOS AIRES
NEGRA MUERTA;SANTIAGO DEL ESTERO
NELSON;SANTA FE
NEUQUEN;NEUQUÉN
NICANOR MOLINAS;SANTA FE
NICOLAS BRUZZONE;CÓRDOBA
NOETINGER;CÓRDOBA
NOGOLI;SAN LUIS
NOGOYA;ENTRE RÍOS
NONO;CÓRDOBA
NUESTRA SEÑORA DE LOS DOLORES DE KOLUEL KAIKE;SANTA CRUZ
NUEVA ESCOCIA;ENTRE RÍOS
NUEVA ESPERANZA;SANTIAGO DEL ESTERO
NUEVA FRANCIA;SANTIAGO DEL ESTERO
NUEVA GALIA;SAN LUIS
NUEVA VIZCAYA;ENTRE RÍOS
NUEVO TORINO;SANTA FE
OBERA;MISIONES
OBISPO TREJO;CÓRDOBA
OCTAVIO PICO;NEUQUÉN
OJOS DE AGUA;RÍO NEGRO
OLAETA;CÓRDOBA
OLAVARRIA;BUENOS AIRES
OLEGARIO VICTOR ANDRADE;MISIONES
OLIVA;CÓRDOBA
OLIVARES DE SAN NICOLAS;CÓRDOBA
OLIVEROS;SANTA FE
OMBU;ENTRE RÍOS
ONAGOITY;CÓRDOBA
ONCATIVO;CÓRDOBA
ORDOÑEZ;CÓRDOBA
ORO VERDE;ENTRE RÍOS
OTUMPA;SANTIAGO DEL ESTERO
PACHECO DE MELO;CÓRDOBA
PACLIN;CATAMARCA
PAGO DE LOS DESEOS;CORRIENTES
PAJONAL;ENTRE RÍOS
PALACIOS;SANTA FE
PALMA SOLA;FORMOSA
PALMA SOLA;JUJUY
PALMAR GRANDE;CORRIENTES
PALO NEGRO;SANTIAGO DEL ESTERO
PALO SANTO;FORMOSA
PALPALA;JUJUY
PAMPA ALMIRON;CHACO
PAMPA BLANCA;JUJUY
PAMPA DE LOS GUANACOS;SANTIAGO DEL ESTERO
PAMPA DEL INDIO;CHACO
PAMPA DEL INFIERNO;CHACO
PAMPA MAYO;TUCUMÁN
PAMPAYASTA NORTE;CÓRDOBA
PAMPAYASTA SUD;CÓRDOBA
PAMPICHUELA;JUJUY
PANAHOLMA;CÓRDOBA
PANAMBI;MISIONES
PAPAGAYOS;SAN LUIS
PARADA PUCHETA;CORRIENTES
PARAJE GUAYAQUIL;ENTRE RÍOS
PARAJE LOS ALGARROBOS;ENTRE RÍOS
PARANA;ENTRE RÍOS
PARERA;LA PAMPA
PASCANAS;CÓRDOBA
PASCO;CÓRDOBA
PASO AGUERRE;NEUQUÉN
PASO DE INDIOS;CHUBUT
PASO DE LA ARENA;ENTRE RÍOS
PASO DE LA LAGUNA;ENTRE RÍOS
PASO DE LA PATRIA;CORRIENTES
PASO DE LAS PIEDRAS;ENTRE RÍOS
PASO DE LOS LIBRES;CORRIENTES
PASO DEL DURAZNO;CÓRDOBA
PASO DEL SAPO;CHUBUT
PASO DUARTE;ENTRE RÍOS
PASO FLORES;RÍO NEGRO
PASO GRANDE;SAN LUIS
PASO VIEJO;CÓRDOBA
PASTOR BRITOS;ENTRE RÍOS
PATAGONES;BUENOS AIRES
PAVON;SANTA FE
PAVON ARRIBA;SANTA FE
PAYOGASTA;SALTA
PEÑAS BLANCAS;RÍO NEGRO
PEDERNAL;ENTRE RÍOS
PEDRO GOMEZ CELLO;SANTA FE
PEDRO R FERNANDEZ;CORRIENTES
PEHUAJO;BUENOS AIRES
PELLEGRINI;BUENOS AIRES
PERDICES;ENTRE RÍOS
PEREZ;SANTA FE
PERGAMINO;BUENOS AIRES
PERICO;JUJUY
PERITO MORENO;SANTA CRUZ
PERU;LA PAMPA
PERUGORRIA;CORRIENTES
PEYRANO;SANTA FE
PIÑERO;SANTA FE
PIAMONTE;SANTA FE
PICADA BERON;ENTRE RÍOS
PICHANAL;SALTA
PICHI HUINCA;LA PAMPA
PICHI MAHUIDA;RÍO NEGRO
PICO TRUNCADO;SANTA CRUZ
PICUN LEUFU;NEUQUÉN
PIEDRA DEL AGUILA;NEUQUÉN
PIEDRABUENA;TUCUMÁN
PIEDRAS BLANCAS;ENTRE RÍOS
PILA;BUENOS AIRES
PILAR;BUENOS AIRES
PILAR;CÓRDOBA
PILAR;SANTA FE
PILCANIYEU;RÍO NEGRO
PILO LIL;NEUQUÉN
PILQUINIYEU;RÍO NEGRO
PILQUINIYEU DEL LIMAY;RÍO NEGRO
PINAMAR;BUENOS AIRES
PINCEN;CÓRDOBA
PINTO;SANTIAGO DEL ESTERO
PIQUILLIN;CÓRDOBA
PIRANE;FORMOSA
PLAZA CLUCELLAS;SANTA FE
PLAZA DE MERCEDES;CÓRDOBA
PLAZA HUINCUL;NEUQUÉN
PLAZA LUXARDO;CÓRDOBA
PLOTTIER;NEUQUÉN
POCITO;SAN JUAN
POMAN;CATAMARCA
POMONA;RÍO NEGRO
PORTEÑA;CÓRDOBA
PORTON NEGRO;FORMOSA
PORTUGALETE;SANTA FE
POSADAS;MISIONES
POSTA CAMBIO ZALAZAR;FORMOSA
POTRERO DE GARAY;CÓRDOBA
POTRERO DE LOS FUNES;SAN LUIS
POZO AZUL;MISIONES
POZO BETBEDER;SANTIAGO DEL ESTERO
POZO BORRADO;SANTA FE
POZO DE MAZA;FORMOSA
POZO DE PIEDRA;CATAMARCA
POZO DEL MOLLE;CÓRDOBA
POZO DEL MORTERO;FORMOSA
POZO DEL TIGRE;FORMOSA
POZO DEL TOBA;SANTIAGO DEL ESTERO
POZO HONDO;SANTIAGO DEL ESTERO
POZO NUEVO;CÓRDOBA
POZUELOS;SANTIAGO DEL ESTERO
PRAHUANIYEU;RÍO NEGRO
PRESIDENCIA DE LA PLAZA;CHACO
PRESIDENCIA ROCA;CHACO
PRESIDENCIA ROQUE SAENZ PEÑA;CHACO
PRESIDENTE PERON;BUENOS AIRES
PRESIDENTE ROCA;SANTA FE
PROFESOR SALVADOR MAZZA;SALTA
PROFUNDIDAD;MISIONES
PROGRESO;SANTA FE
PRONUNCIAMIENTO;ENTRE RÍOS
PROVIDENCIA;SANTA FE
PUAN;BUENOS AIRES
PUEBLO ANDINO;SANTA FE
PUEBLO BRUGO;ENTRE RÍOS
PUEBLO CAZES;ENTRE RÍOS
PUEBLO ESTHER;SANTA FE
PUEBLO GENERAL BELGRANO;ENTRE RÍOS
PUEBLO ITALIANO;CÓRDOBA
PUEBLO LIBERTADOR;CORRIENTES
PUEBLO LIEBIG S;ENTRE RÍOS
PUEBLO MARINI;SANTA FE
PUEBLO MUÑOZ;SANTA FE
PUELCHES;LA PAMPA
PUELEN;LA PAMPA
PUERTA DE CORRAL QUEMADO;CATAMARCA
PUERTA DE SAN JOSE;CATAMARCA
PUERTO ALGARROBO;ENTRE RÍOS
PUERTO BERMEJO;CHACO
PUERTO DESEADO;SANTA CRUZ
PUERTO ESPERANZA;MISIONES
PUERTO EVA PERON;CHACO
PUERTO GENERAL SAN MARTIN;SANTA FE
PUERTO IGUAZU;MISIONES
PUERTO LEONI;MISIONES
PUERTO LIBERTAD;MISIONES
PUERTO MADRYN;CHUBUT
PUERTO PIRAMIDES;CHUBUT
PUERTO PIRAY;MISIONES
PUERTO RICO;MISIONES
PUERTO SAN JULIAN;SANTA CRUZ
PUERTO SANTA CRUZ;SANTA CRUZ
PUERTO TIROL;CHACO
PUERTO VILELAS;CHACO
PUERTO YERUA;ENTRE RÍOS
PUESTO DE CASTRO;CÓRDOBA
PUESTO DEL MARQUEZ;JUJUY
PUESTO VIEJO;JUJUY
PUJATO;SANTA FE
PUJATO NORTE;SANTA FE
PUMAHUASI;JUJUY
PUNTA DEL AGUA;CÓRDOBA
PUNTA INDIO;BUENOS AIRES
PUNTA POZO;SANTIAGO DEL ESTERO
PURMAMARCA;JUJUY
QUEBRACHO;ENTRE RÍOS
QUEBRACHO COTO;SANTIAGO DEL ESTERO
QUEBRACHO HERRADO;CÓRDOBA
QUEHUE;LA PAMPA
QUEMU QUEMU;LA PAMPA
QUETREQUEN;LA PAMPA
QUILI MALAL;NEUQUÉN
QUILINO;CÓRDOBA
QUILMES;BUENOS AIRES
QUILMES Y LOS SUELDOS;TUCUMÁN
QUIMILI;SANTIAGO DEL ESTERO
QUINES;SAN LUIS
QUITILIPI;CHACO
RACO;TUCUMÁN
RADA TILLY;CHUBUT
RAFAEL GARCIA;CÓRDOBA
RAFAELA;SANTA FE
RAICES OESTE;ENTRE RÍOS
RAMADA PASO;CORRIENTES
RAMALLO;BUENOS AIRES
RAMAYON;SANTA FE
RAMIREZ DE VELAZCO;SANTIAGO DEL ESTERO
RAMON M CASTRO;NEUQUÉN
RAMONA;SANTA FE
RANCHILLOS Y SAN MIGUEL;TUCUMÁN
RANCUL;LA PAMPA
RANQUELES;CÓRDOBA
RAPELLI;SANTIAGO DEL ESTERO
RAUCH;BUENOS AIRES
RAWSON;CHUBUT
RAWSON;SAN JUAN
RAYO CORTADO;CÓRDOBA
REAL SAYANA;SANTIAGO DEL ESTERO
REALICO;LA PAMPA
RECONQUISTA;SANTA FE
RECREO;CATAMARCA
RECREO;SANTA FE
REDUCCION;CÓRDOBA
RELMO;LA PAMPA
REMES;SANTIAGO DEL ESTERO
RENCA;SAN LUIS
RESISTENCIA;CHACO
RIACHO HE-HE;FORMOSA
RIACHO NEGRO;FORMOSA
RIACHUELO;CORRIENTES
RICARDONE;SANTA FE
RINCON;CÓRDOBA
RINCON DE LOS SAUCES;NEUQUÉN
RINCON DE NOGOYA;ENTRE RÍOS
RINCON DEL DOLL;ENTRE RÍOS
RINCON DEL GATO;ENTRE RÍOS
RINCON TRENETA;RÍO NEGRO
RINCONADA;JUJUY
RIO CEBALLOS;CÓRDOBA
RIO CHICO;RÍO NEGRO
RIO CHICO Y NUEVA TRINIDAD;TUCUMÁN
RIO COLORADO;RÍO NEGRO
RIO COLORADO;TUCUMÁN
RIO CUARTO;CÓRDOBA
RIO DE LOS SAUCES;CÓRDOBA
RIO GALLEGOS;SANTA CRUZ
RIO GRANDE;TIERRA DEL FUEGO, ANTÁRTIDA E ISLAS DEL ATLÁNTICO SUR
RIO MAYO;CHUBUT
RIO PICO;CHUBUT
RIO PIEDRAS;SALTA
RIO PRIMERO;CÓRDOBA
RIO SECO;TUCUMÁN
RIO SEGUNDO;CÓRDOBA
RIO TERCERO;CÓRDOBA
RIO TURBIO;SANTA CRUZ
RIOBAMBA;CÓRDOBA
RIVADAVIA;BUENOS AIRES
RIVADAVIA;MENDOZA
RIVADAVIA;SAN JUAN
RIVADAVIA;SANTA FE
RIVADAVIA BANDA NORTE;SALTA
RIVADAVIA BANDA SUR;SALTA
ROCAMORA;ENTRE RÍOS
RODEITO;JUJUY
ROJAS;BUENOS AIRES
ROLDAN;SANTA FE
ROLON;LA PAMPA
ROMANG;SANTA FE
ROQUE PEREZ;BUENOS AIRES
ROSALES;CÓRDOBA
ROSARIO;SANTA FE
ROSARIO DE LA FRONTERA;SALTA
ROSARIO DE LERMA;SALTA
ROSARIO DE RIO GRANDE;JUJUY
ROSARIO DEL SALADILLO;CÓRDOBA
ROSARIO DEL TALA;ENTRE RÍOS
ROSARIO VERA PEÑALOZA;LA RIOJA
ROSPENTEK;SANTA CRUZ
RUCANELO;LA PAMPA
RUEDA;SANTA FE
RUFINO;SANTA FE
RUIZ DE MONTOYA;MISIONES
RUMI PUNCO;TUCUMÁN
SA PEREYRA;SANTA FE
SAAVEDRA;BUENOS AIRES
SABAGASTA;SANTIAGO DEL ESTERO
SACANTA;CÓRDOBA
SACHAYOJ;SANTIAGO DEL ESTERO
SAGRADA FAMILIA;CÓRDOBA
SAGUIER;SANTA FE
SAIRA;CÓRDOBA
SALADAS;CORRIENTES
SALADERO MARIANO CABAL;SANTA FE
SALADILLO;BUENOS AIRES
SALADILLO;CÓRDOBA
SALADILLO;SAN LUIS
SALDAN;CÓRDOBA
SALLIQUELO;BUENOS AIRES
SALSACATE;CÓRDOBA
SALSIPUEDES;CÓRDOBA
SALTA;SALTA
SALTO;BUENOS AIRES
SALTO ENCANTADO;MISIONES
SALTO GRANDE;SANTA FE
SAMPACHO;CÓRDOBA
SAMUHU;CHACO
SAN AGUSTIN;CÓRDOBA
SAN AGUSTIN;SANTA FE
SAN ANDRES;TUCUMÁN
SAN ANDRES DE GILES;BUENOS AIRES
SAN ANTONIO;JUJUY
SAN ANTONIO;MISIONES
SAN ANTONIO;SANTA FE
SAN ANTONIO - ROLDAN;SANTIAGO DEL ESTERO
SAN ANTONIO DE ARECO;BUENOS AIRES
SAN ANTONIO DE ARREDONDO;CÓRDOBA
SAN ANTONIO DE LITIN;CÓRDOBA
SAN ANTONIO DE LOS COBRES;SALTA
SAN ANTONIO DE OBLIGADO;SANTA FE
SAN ANTONIO ISLA APIPE GRANDE;CORRIENTES
SAN ANTONIO OESTE;RÍO NEGRO
SAN BASILIO;CÓRDOBA
SAN BENITO;ENTRE RÍOS
SAN BENITO;SANTIAGO DEL ESTERO
SAN BERNARDO;CHACO
SAN BERNARDO;SANTA FE
SAN BLAS DE LOS SAUCES;LA RIOJA
SAN CARLOS;CORRIENTES
SAN CARLOS;MENDOZA
SAN CARLOS;SALTA
SAN CARLOS CENTRO;SANTA FE
SAN CARLOS DE BARILOCHE;RÍO NEGRO
SAN CARLOS MINAS;CÓRDOBA
SAN CARLOS NORTE;SANTA FE
SAN CARLOS SUD;SANTA FE
SAN CAYETANO;BUENOS AIRES
SAN CIPRIANO;ENTRE RÍOS
SAN CLEMENTE;CÓRDOBA
SAN COSME;CORRIENTES
SAN CRISTOBAL;SANTA FE
SAN EDUARDO;SANTA FE
SAN ERNESTO;ENTRE RÍOS
SAN ESTEBAN;CÓRDOBA
SAN EUGENIO;SANTA FE
SAN FABIAN;SANTA FE
SAN FELIPE Y SANTA BARBARA;TUCUMÁN
SAN FERNANDO;BUENOS AIRES
SAN FERNANDO;CATAMARCA
SAN FERNANDO DEL VALLE DE CATAMARCA;CATAMARCA
SAN FRANCISCO;CÓRDOBA
SAN FRANCISCO;JUJUY
SAN FRANCISCO DE SANTA FE;SANTA FE
SAN FRANCISCO DEL CHAÑAR;CÓRDOBA
SAN FRANCISCO DEL MONTE DE ORO;SAN LUIS
SAN GENARO;SANTA FE
SAN GERONIMO;CÓRDOBA
SAN GREGORIO;SANTA FE
SAN GUILLERMO;SANTA FE
SAN GUSTAVO;ENTRE RÍOS
SAN HILARIO;FORMOSA
SAN IGNACIO;CÓRDOBA
SAN IGNACIO;MISIONES
SAN ISIDRO;BUENOS AIRES
SAN ISIDRO;CORRIENTES
SAN ISIDRO DE LULES;TUCUMÁN
SAN JAIME DE LA FRONTERA;ENTRE RÍOS
SAN JAVIER;MISIONES
SAN JAVIER;RÍO NEGRO
SAN JAVIER;SANTA FE
SAN JAVIER;TUCUMÁN
SAN JAVIER Y YACANTO;CÓRDOBA
SAN JERONIMO;SAN LUIS
SAN JERONIMO DEL SAUCE;SANTA FE
SAN JERONIMO NORTE;SANTA FE
SAN JERONIMO SUD;SANTA FE
SAN JOAQUIN;CÓRDOBA
SAN JORGE;SANTA FE
SAN JOSE;CÓRDOBA
SAN JOSE;CATAMARCA
SAN JOSE;ENTRE RÍOS
SAN JOSE;MISIONES
SAN JOSE;SANTA FE
SAN JOSE DE FELICIANO;ENTRE RÍOS
SAN JOSE DE LA COCHA;TUCUMÁN
SAN JOSE DE LA DORMIDA;CÓRDOBA
SAN JOSE DE LA ESQUINA;SANTA FE
SAN JOSE DE LAS SALINAS;CÓRDOBA
SAN JOSE DEL BOQUERON;SANTIAGO DEL ESTERO
SAN JOSE DEL MORRO;SAN LUIS
SAN JOSE DEL RINCON;SANTA FE
SAN JUAN;SAN JUAN
SAN JUSTO;ENTRE RÍOS
SAN JUSTO;SANTA FE
SAN LORENZO;CÓRDOBA
SAN LORENZO;CORRIENTES
SAN LORENZO;SALTA
SAN LORENZO;SANTA FE
SAN LUIS;SAN LUIS
SAN LUIS DEL PALMAR;CORRIENTES
SAN MARCIAL;ENTRE RÍOS
SAN MARCOS SIERRAS;CÓRDOBA
SAN MARCOS SUD;CÓRDOBA
SAN MARIANO;SANTA FE
SAN MARTIN;MENDOZA
SAN MARTIN;MISIONES
SAN MARTIN;SAN JUAN
SAN MARTIN;SAN LUIS
SAN MARTIN DE LAS ESCOBAS;SANTA FE
SAN MARTIN DE LOS ANDES;NEUQUÉN
SAN MARTIN DOS;FORMOSA
SAN MARTIN I;FORMOSA
SAN MARTIN NORTE;SANTA FE
SAN MIGUEL;BUENOS AIRES
SAN MIGUEL;CORRIENTES
SAN MIGUEL;ENTRE RÍOS
SAN MIGUEL DE TUCUMAN;TUCUMÁN
SAN NICOLAS;BUENOS AIRES
SAN PABLO;SAN LUIS
SAN PABLO Y VILLA NOUGUES;TUCUMÁN
SAN PATRICIO DEL CHAÑAR;NEUQUÉN
SAN PEDRO;BUENOS AIRES
SAN PEDRO;CÓRDOBA
SAN PEDRO;ENTRE RÍOS
SAN PEDRO;MISIONES
SAN PEDRO;SANTIAGO DEL ESTERO
SAN PEDRO DE COLALAO;TUCUMÁN
SAN PEDRO DE GUASAYAN;SANTIAGO DEL ESTERO
SAN PEDRO DE JUJUY;JUJUY
SAN PEDRO NORTE;CÓRDOBA
SAN PEDRO Y SAN ANTONIO;TUCUMÁN
SAN RAFAEL;MENDOZA
SAN RAMIREZ;ENTRE RÍOS
SAN RAMON;ENTRE RÍOS
SAN RAMON - LA DARSENA;SANTIAGO DEL ESTERO
SAN RAMON DE LA NUEVA ORAN;SALTA
SAN ROQUE;CÓRDOBA
SAN ROQUE;CORRIENTES
SAN ROQUE;ENTRE RÍOS
SAN SALVADOR;ENTRE RÍOS
SAN SALVADOR DE JUJUY;JUJUY
SAN VICENTE;BUENOS AIRES
SAN VICENTE;CÓRDOBA
SAN VICENTE;MISIONES
SAN VICENTE;SANTA FE
SAN VICENTE;SANTIAGO DEL ESTERO
SAN VICTOR;ENTRE RÍOS
SANAGASTA;LA RIOJA
SANCTI SPIRITU;SANTA FE
SANFORD;SANTA FE
SANTA ANA;ENTRE RÍOS
SANTA ANA;JUJUY
SANTA ANA;MISIONES
SANTA ANA;TUCUMÁN
SANTA ANA DE LOS GUÁCARAS;CORRIENTES
SANTA ANITA;ENTRE RÍOS
SANTA CATALINA;CÓRDOBA
SANTA CATALINA;JUJUY
SANTA CATALINA;SANTIAGO DEL ESTERO
SANTA CLARA;JUJUY
SANTA CLARA DE BUENA VISTA;SANTA FE
SANTA CLARA DE SAGUIER;SANTA FE
SANTA CRUZ Y LA TUNA;TUCUMÁN
SANTA ELENA;CÓRDOBA
SANTA ELENA;ENTRE RÍOS
SANTA EUFEMIA;CÓRDOBA
SANTA FE;SANTA FE
SANTA ISABEL;LA PAMPA
SANTA ISABEL;SANTA FE
SANTA LUCIA;CORRIENTES
SANTA LUCIA;ENTRE RÍOS
SANTA LUCIA;SAN JUAN
SANTA LUCIA;TUCUMÁN
SANTA LUISA;ENTRE RÍOS
SANTA MARGARITA;SANTA FE
SANTA MARIA;CATAMARCA
SANTA MARIA;MISIONES
SANTA MARIA;SANTIAGO DEL ESTERO
SANTA MARIA CENTRO;SANTA FE
SANTA MARIA DE PUNILLA;CÓRDOBA
SANTA MARIA NORTE;SANTA FE
SANTA ROSA;CATAMARCA
SANTA ROSA;LA PAMPA
SANTA ROSA;MENDOZA
SANTA ROSA DE CALAMUCHITA;CÓRDOBA
SANTA ROSA DE CALCHINES;SANTA FE
SANTA ROSA DE LEALES Y LAGUNA BLAN;TUCUMÁN
SANTA ROSA DE RIO PRIMERO;CÓRDOBA
SANTA ROSA DEL CONLARA;SAN LUIS
SANTA SYLVINA;CHACO
SANTA TERESA;SANTA FE
SANTA VICTORIA ESTE;SALTA
SANTA VICTORIA OESTE;SALTA
SANTIAGO DE LINIERS;MISIONES
SANTIAGO DEL ESTERO;SANTIAGO DEL ESTERO
SANTIAGO TEMPLE;CÓRDOBA
SANTO DOMINGO;SANTA FE
SANTO DOMINGO;SANTIAGO DEL ESTERO
SANTO PIPO;MISIONES
SANTO TOMAS;NEUQUÉN
SANTO TOME;CORRIENTES
SANTO TOME;SANTA FE
SANTOS LUGARES;SANTIAGO DEL ESTERO
SANTURCE;SANTA FE
SARAH;LA PAMPA
SARGENTO CABRAL;SANTA FE
SARGENTO MOYA;TUCUMÁN
SARMIENTO;CÓRDOBA
SARMIENTO;CHUBUT
SARMIENTO;SAN JUAN
SARMIENTO;SANTA FE
SASTRE;SANTA FE
SATURNINO MARIA LASPIUR;CÓRDOBA
SAUCE;CORRIENTES
SAUCE ARRIBA;CÓRDOBA
SAUCE DE LUNA;ENTRE RÍOS
SAUCE MONTRULL;ENTRE RÍOS
SAUCE PINTO;ENTRE RÍOS
SAUCE SOLO;SANTIAGO DEL ESTERO
SAUCE SUR;ENTRE RÍOS
SAUCE VIEJO;SANTA FE
SAUCECITO;ENTRE RÍOS
SAUJIL;CATAMARCA
SAUZAL BONITO;NEUQUÉN
SEBASTIAN ELCANO;CÓRDOBA
SECLANTAS;SALTA
SEEBER;CÓRDOBA
SEGUI;ENTRE RÍOS
SEGUNDA USINA;CÓRDOBA
SELVA;SANTIAGO DEL ESTERO
SENILLOSA;NEUQUÉN
SERODINO;SANTA FE
SERRANO;CÓRDOBA
SERREZUELA;CÓRDOBA
SIERRA COLORADA;RÍO NEGRO
SIERRA GRANDE;RÍO NEGRO
SIERRA PAILEMAN;RÍO NEGRO
SIETE PALMAS;FORMOSA
SILVA;SANTA FE
SILVIO PELLICO;CÓRDOBA
SIMBOLAR;CÓRDOBA
SIMOCA;TUCUMÁN
SINSACATE;CÓRDOBA
SIR LEONARD;ENTRE RÍOS
SOL DE JULIO;SANTIAGO DEL ESTERO
SOL DE MAYO;SANTIAGO DEL ESTERO
SOLDADO MALDONADO;TUCUMÁN
SOLDINI;SANTA FE
SOLEDAD;SANTA FE
SOSA;ENTRE RÍOS
SOTELO;SANTIAGO DEL ESTERO
SOUTOMAYOR;SANTA FE
SPELUZZI;LA PAMPA
SUARDI;SANTA FE
SUBTENIENTE PERIN;FORMOSA
SUCO;CÓRDOBA
SUIPACHA;BUENOS AIRES
SUMAMAO;SANTIAGO DEL ESTERO
SUMAMPA;SANTIAGO DEL ESTERO
SUNCHALES;SANTA FE
SUNCHO CORRAL;SANTIAGO DEL ESTERO
SUSANA;SANTA FE
SUSQUES;JUJUY
TABAY;CORRIENTES
TABOADA;SANTIAGO DEL ESTERO
TABOSSI;ENTRE RÍOS
TACAÑITAS;SANTIAGO DEL ESTERO
TACO POZO;CHACO
TACO RALO;TUCUMÁN
TACUARENDI;SANTA FE
TACURAL;SANTA FE
TACURALES;SANTA FE
TAFI DEL VALLE;TUCUMÁN
TAFI VIEJO;TUCUMÁN
TALA;ENTRE RÍOS
TALA CAÑADA;CÓRDOBA
TALA HUASI;CÓRDOBA
TALAINI;CÓRDOBA
TALITA;SAN LUIS
TANCACHA;CÓRDOBA
TANDIL;BUENOS AIRES
TANTI;CÓRDOBA
TAPALQUE;BUENOS AIRES
TAPEBICUA;CORRIENTES
TAPIA;TUCUMÁN
TAPSO;CATAMARCA
TAPSO;SANTIAGO DEL ESTERO
TAQUIMILAN;NEUQUÉN
TARTAGAL;SALTA
TARTAGAL;SANTA FE
TATACUA;CORRIENTES
TATANE;FORMOSA
TECKA;CHUBUT
TELEN;LA PAMPA
TELLIER;SANTA CRUZ
TELSEN;CHUBUT
TENIENTE BERDINA;TUCUMÁN
TEODELINA;SANTA FE
TERMAS DE RIO HONDO;SANTIAGO DEL ESTERO
TEZANOS PINTO;ENTRE RÍOS
THEOBALD;SANTA FE
TICINO;CÓRDOBA
TIGRE;BUENOS AIRES
TILCARA;JUJUY
TILISARAO;SAN LUIS
TIMBUES;SANTA FE
TINOCO;CÓRDOBA
TINOGASTA;CATAMARCA
TINTINA;SANTIAGO DEL ESTERO
TIO POZO;SANTIAGO DEL ESTERO
TIO PUJIO;CÓRDOBA
TOAY;LA PAMPA
TOBA;SANTA FE
TOLAR GRANDE;SALTA
TOLEDO;CÓRDOBA
TOLHUIN;TIERRA DEL FUEGO, ANTÁRTIDA E ISLAS DEL ATLÁNTICO SUR
TOMAS M ANCHORENA;LA PAMPA
TOMAS YOUNG;SANTIAGO DEL ESTERO
TORDILLO;BUENOS AIRES
TORNQUIST;BUENOS AIRES
TORO PUJIO;CÓRDOBA
TORTUGAS;SANTA FE
TOSNO;CÓRDOBA
TOSQUITA;CÓRDOBA
TOSTADO;SANTA FE
TOTORAS;SANTA FE
TRAILL;SANTA FE
TRANCAS;TUCUMÁN
TRANSITO;CÓRDOBA
TRELEW;CHUBUT
TRENEL;LA PAMPA
TRENQUE LAUQUEN;BUENOS AIRES
TRES ARROYOS;BUENOS AIRES
TRES CAPONES;MISIONES
TRES CRUCES;JUJUY
TRES CRUCES;SANTIAGO DEL ESTERO
TRES DE FEBRERO;BUENOS AIRES
TRES ISLETAS;CHACO
TRES LAGOS;SANTA CRUZ
TRES LAGUNAS;FORMOSA
TRES LOMAS;BUENOS AIRES
TREVELIN;CHUBUT
TRICAO MALAL;NEUQUÉN
TUCLAME;CÓRDOBA
TUMBAYA;JUJUY
TUNUYAN;MENDOZA
TUPUNGATO;MENDOZA
UBAJAY;ENTRE RÍOS
UCACHA;CÓRDOBA
ULLUM;SAN JUAN
UNANUE;LA PAMPA
UNION;SAN LUIS
UNQUILLO;CÓRDOBA
URANGA;SANTA FE
URDINARRAIN;ENTRE RÍOS
URIBURU;LA PAMPA
URUNDEL;SALTA
USHUAIA;TIERRA DEL FUEGO, ANTÁRTIDA E ISLAS DEL ATLÁNTICO SUR
VACA HUAÑUNA;SANTIAGO DEL ESTERO
VACA HUMAN;SANTIAGO DEL ESTERO
VALCHETA;RÍO NEGRO
VALLE AZUL;RÍO NEGRO
VALLE DE ANISACATE;CÓRDOBA
VALLE FERTIL;SAN JUAN
VALLE GRANDE;JUJUY
VALLE HERMOSO;CÓRDOBA
VALLE VIEJO;CATAMARCA
VAQUEROS;SALTA
VARVARCO - INVERNADA VIEJA;NEUQUÉN
VENADO TUERTO;SANTA FE
VERA;SANTA FE
VERA Y PINTADO;SANTA FE
VERTIZ;LA PAMPA
VIALE;ENTRE RÍOS
VIAMONTE;CÓRDOBA
VICENTE LOPEZ;BUENOS AIRES
VICTORIA;ENTRE RÍOS
VICTORICA;LA PAMPA
VICUÑA MACKENNA;CÓRDOBA
VIDELA;SANTA FE
VIEDMA;RÍO NEGRO
VIGLIONE;CHUBUT
VILA;SANTA FE
VILELAS;SANTIAGO DEL ESTERO
VILLA ALLENDE;CÓRDOBA
VILLA AMANCAY;CÓRDOBA
VILLA AMELIA;SANTA FE
VILLA ANA;SANTA FE
VILLA ANGELA;CHACO
VILLA ASCASUBI;CÓRDOBA
VILLA ATAMISQUI;SANTIAGO DEL ESTERO
VILLA BELGRANO;TUCUMÁN
VILLA BERTHET;CHACO
VILLA BRANA;SANTIAGO DEL ESTERO
VILLA CAÑAS;SANTA FE
VILLA CANDELARIA NORTE;CÓRDOBA
VILLA CARLOS PAZ;CÓRDOBA
VILLA CERRO AZUL;CÓRDOBA
VILLA CIUDAD DE AMERICA;CÓRDOBA
VILLA CIUDAD PARQUE LOS REARTES;CÓRDOBA
VILLA CLARA;ENTRE RÍOS
VILLA CONCEPCION DEL TIO;CÓRDOBA
VILLA CONSTITUCION;SANTA FE
VILLA CURA BROCHERO;CÓRDOBA
VILLA CURI LEUVU;NEUQUÉN
VILLA DE LA QUEBRADA;SAN LUIS
VILLA DE LAS ROSAS;CÓRDOBA
VILLA DE MARIA;CÓRDOBA
VILLA DE MERLO;SAN LUIS
VILLA DE POCHO;CÓRDOBA
VILLA DE PRAGA;SAN LUIS
VILLA DE SOTO;CÓRDOBA
VILLA DEL CARMEN;FORMOSA
VILLA DEL CARMEN;SAN LUIS
VILLA DEL DIQUE;CÓRDOBA
VILLA DEL NAHUEVE;NEUQUÉN
VILLA DEL PRADO;CÓRDOBA
VILLA DEL ROSARIO;CÓRDOBA
VILLA DEL ROSARIO;ENTRE RÍOS
VILLA DEL TOTORAL;CÓRDOBA
VILLA DOLORES;CÓRDOBA
VILLA DOMINGUEZ;ENTRE RÍOS
VILLA DOS TRECE;FORMOSA
VILLA EL CHACAY;CÓRDOBA
VILLA EL CHOCON;NEUQUÉN
VILLA ELISA;CÓRDOBA
VILLA ELISA;ENTRE RÍOS
VILLA ELOISA;SANTA FE
VILLA ESCOLAR;FORMOSA
VILLA FIGUEROA;SANTIAGO DEL ESTERO
VILLA FONTANA;CÓRDOBA
VILLA FONTANA;ENTRE RÍOS
VILLA GENERAL BELGRANO;CÓRDOBA
VILLA GENERAL GUEMES;FORMOSA
VILLA GENERAL ROCA;SAN LUIS
VILLA GESELL;BUENOS AIRES
VILLA GIARDINO;CÓRDOBA
VILLA GOBERNADOR ETCHEVEHERE;ENTRE RÍOS
VILLA GOBERNADOR GALVEZ;SANTA FE
VILLA GUASAYAN;SANTIAGO DEL ESTERO
VILLA GUILLERMINA;SANTA FE
VILLA GUTIERREZ;CÓRDOBA
VILLA HIPOLITA;SANTIAGO DEL ESTERO
VILLA HUIDOBRO;CÓRDOBA
VILLA LA ANGOSTURA;NEUQUÉN
VILLA LA BOLSA;CÓRDOBA
VILLA LA FLORIDA;SAN LUIS
VILLA LA PUNTA;SANTIAGO DEL ESTERO
VILLA LAGO MELIQUINA;NEUQUÉN
VILLA LARCA;SAN LUIS
VILLA LIBERTADOR SAN MARTIN;ENTRE RÍOS
VILLA LLANQUIN;RÍO NEGRO
VILLA LOS AROMOS;CÓRDOBA
VILLA LOS PATOS;CÓRDOBA
VILLA MAILIN;SANTIAGO DEL ESTERO
VILLA MANTERO;ENTRE RÍOS
VILLA MARIA;CÓRDOBA
VILLA MASCARDI;RÍO NEGRO
VILLA MATOQUE;SANTIAGO DEL ESTERO
VILLA MERCEDES;SAN LUIS
VILLA MERCEDES;SANTIAGO DEL ESTERO
VILLA MINETTI;SANTA FE
VILLA MIRASOL;LA PAMPA
VILLA MUGUETA;SANTA FE
VILLA NUEVA;CÓRDOBA
VILLA NUEVA;SANTIAGO DEL ESTERO
VILLA OCAMPO;SANTA FE
VILLA OJO DE AGUA;SANTIAGO DEL ESTERO
VILLA OLIVARI;CORRIENTES
VILLA PADRE MONTI;TUCUMÁN
VILLA PARANACITO;ENTRE RÍOS
VILLA PARQUE SANTA ANA;CÓRDOBA
VILLA PARQUE SIQUIMAN;CÓRDOBA
VILLA PEHUENIA;NEUQUÉN
VILLA PUENTE PICUN LEUFU;NEUQUÉN
VILLA QUILLINZO;CÓRDOBA
VILLA QUINTEROS;TUCUMÁN
VILLA REGINA;RÍO NEGRO
VILLA RIO BERMEJITO;CHACO
VILLA RIO HONDO;SANTIAGO DEL ESTERO
VILLA RIO ICHO CRUZ;CÓRDOBA
VILLA ROBLES;SANTIAGO DEL ESTERO
VILLA ROSSI;CÓRDOBA
VILLA RUMIPAL;CÓRDOBA
VILLA SALAVINA;SANTIAGO DEL ESTERO
VILLA SAN ESTEBAN;CÓRDOBA
VILLA SAN ISIDRO;CÓRDOBA
VILLA SAN JOSE;SANTA FE
VILLA SANTA CRUZ DEL LAGO;CÓRDOBA
VILLA SARALEGUI;SANTA FE
VILLA SARMIENTO;CÓRDOBA
VILLA SILIPICA;SANTIAGO DEL ESTERO
VILLA TRAFUL;NEUQUÉN
VILLA TRINIDAD;SANTA FE
VILLA TULUMBA;CÓRDOBA
VILLA UNION;SANTIAGO DEL ESTERO
VILLA URQUIZA;ENTRE RÍOS
VILLA VALERIA;CÓRDOBA
VILLA VIL;CATAMARCA
VILLA YACANTO;CÓRDOBA
VILLA ZANJON;SANTIAGO DEL ESTERO
VILLADA;SANTA FE
VILLAGUAY;ENTRE RÍOS
VILLARINO;BUENOS AIRES
VILMER;SANTIAGO DEL ESTERO
VINALITO;JUJUY
VINARA;SANTIAGO DEL ESTERO
VINCHINA;LA RIOJA
VIRGINIA;SANTA FE
VISTA ALEGRE;NEUQUÉN
VOLCAN;JUJUY
VUELTA DE LA BARRANCA;SANTIAGO DEL ESTERO
WALTER MOSS;ENTRE RÍOS
WANDA;MISIONES
WASHINGTON;CÓRDOBA
WEISBURD;SANTIAGO DEL ESTERO
WENCESLAO ESCALANTE;CÓRDOBA
WHEELWRIGHT;SANTA FE
WINIFREDA;LA PAMPA
XX DE SETIEMBRE;ENTRE RÍOS
YACARE;ENTRE RÍOS
YALA;JUJUY
YAMINUE;RÍO NEGRO
YANIMA;TUCUMÁN
YAPEYU;CORRIENTES
YATAYTI CALLE;CORRIENTES
YAVI;JUJUY
YERBA BUENA;TUCUMÁN
YESO OESTE;ENTRE RÍOS
YUCHAN;SANTIAGO DEL ESTERO
YUTO;JUJUY
ZANJITAS;SAN LUIS
ZAPALA;NEUQUÉN
ZARATE;BUENOS AIRES
ZAVALLA;SANTA FE
ZENON PEREYRA;SANTA FE
ZONDA;SAN JUAN
